9845528	mus	Mvt owen mēcin omat, nake estomvtēt tē?	eeyinn	2021-03-16 01:29:49	2021-03-16 16:45:07
9845530	mus	Mēceko emonket, vkerrihcet omvs.	eeyinn	2021-03-16 01:30:47	2021-03-16 16:45:02
9845532	mus	Esvkērretskekon omat, toknawv oceccekos kicakin.	eeyinn	2021-03-16 01:31:19	2021-03-16 16:44:59
9845533	mus	Estonkot hiye-mahekis ometok owisen.	eeyinn	2021-03-16 01:32:49	2021-03-16 16:44:57
9845534	mus	Semvnolvlket owiēs	eeyinn	2021-03-16 01:33:06	2021-03-16 16:45:14
9845535	mus	Mvhayv tat ‘tont respoyen owat, yopvn vlahket vmvhayetv kowen, mvn.	eeyinn	2021-03-16 01:34:53	2021-03-16 16:44:18
9845537	mus	Momen ohrolopē hokkolē tuccēnat make cvrke tatē tat 'Ste-celokke vpakvtēt omēs.	eeyinn	2021-03-16 01:36:18	2021-03-16 16:44:16
9845538	mus	Mont nake rem ētv punvttv hompetv hervkat pvsaten hompaket kakvtēs.	eeyinn	2021-03-16 01:37:21	2021-03-16 16:44:13
9845539	mus	Estvmimvn naket enhēcken momēcet o̜hv̜?	eeyinn	2021-03-16 01:38:24	2021-03-16 16:44:10
9845540	mus	"Hompvs" kican cēpanat mv afke pvpetv emeyacekatēs.	eeyinn	2021-03-16 01:39:29	2021-03-16 16:44:08
9845541	mus	Naken cehocefkvt omv?	eeyinn	2021-03-16 01:39:36	2021-03-16 16:44:06
9845544	mus	Henryetta tvlofvn likiēt os.	eeyinn	2021-03-16 01:42:51	2021-03-16 16:43:58
9845545	mus	Tvlofvn vyetvn ceyacv?	eeyinn	2021-03-16 01:43:00	2021-03-16 16:43:55
9845546	mus	Hvtvm hompetv ceyacv?	eeyinn	2021-03-16 01:43:05	2021-03-16 16:43:21
9845547	mus	Miste hvtke tat hącuset omēs.	eeyinn	2021-03-16 01:43:38	2023-11-30 21:36:13
9845548	mus	Este semvnolvlket omat Ekvn fvsket vpeyet omvtēs.	eeyinn	2021-03-16 01:44:27	2021-03-16 16:43:13
9845549	mus	Nerē tat naket estokemahet omes.	eeyinn	2021-03-16 01:45:42	2021-03-16 16:43:11
9845550	mus	Cenokecvyēt owen owat mowen hiyowet cem aktepkē kowet.	eeyinn	2021-03-16 01:47:12	2021-03-16 16:43:07
9845551	mus	Mowen nak cvkihocat tis, vmapohicvhaneckat tvlkēs.	eeyinn	2021-03-16 01:47:46	2021-03-16 16:43:04
9845552	mus	Mēkusvpkv-cuko ’cēyeccen owat vfvnnake omekot; nak erkenvkv nak makat mvn pohet, mvn lvputket mvn vhēcet mvn liket... cele tis nekeyicē omekot.	eeyinn	2021-03-16 01:48:42	2021-03-16 16:43:02
9845553	mus	Estenlaksekot hvtą stenhorkopekot.	eeyinn	2021-03-16 01:49:38	2021-03-16 16:42:59
9845555	mus	Hiyowat mvnettvlke nake eyacaken omat ē hiyowet o; Nak elvpken, hiyowen ē vpokvkēt ont on, mowis.	eeyinn	2021-03-16 01:51:09	2021-03-16 16:42:57
9845556	mus	Naken oceccen owv, naken escemvniciēt tayv?	eeyinn	2021-03-16 01:51:52	2021-03-16 16:42:54
9845557	mus	Estimvt ’cetotemvtē, cerket onkat cem estvlket?	eeyinn	2021-03-16 01:52:44	2021-03-16 16:42:16
9845558	mus	Hvse orev̨lkv etohkvlketv owēt onkv, nettv tvcak ostat orat mvn hvse hvmkē orekv, mvn vhvn ‘ste-hvpo hayvyat mv noricvyēt o.	eeyinn	2021-03-16 01:53:56	2021-11-27 21:54:47
9845560	mus	Aepuculakat nak-sakkopvnkv ocēskot onkv, nak ’stowis ’sakkopanet, halo tis ‘sakkopanet owvkēt owemvts.	eeyinn	2021-03-16 01:56:37	2021-03-16 16:42:11
9845561	mus	Heyv estet vnhesset os.	eeyinn	2021-03-16 02:00:16	2021-03-16 16:42:08
9845562	mus	Esîket vyēpvtēs.	eeyinn	2021-03-16 02:00:50	2021-03-16 16:42:06
9845563	mus	Likepvranes.	eeyinn	2021-03-16 02:02:02	2021-03-16 16:41:49
9845564	mus	Efvt wohkvcoks.	eeyinn	2021-03-16 02:02:08	2021-03-16 16:41:47
9845565	mus	Hompetv cukot fvckēt ômvcoks.	eeyinn	2021-03-16 02:02:45	2021-03-16 16:41:45
9845566	mus	Yvhv lētkv cvhocefkvt os.	eeyinn	2021-03-16 02:03:09	2021-03-16 16:41:41
9845567	mus	Estvmin likecket omv?	eeyinn	2021-03-16 02:03:24	2021-03-16 16:41:43
9845569	mus	Estvmin vpokacket omv?	eeyinn	2021-03-16 02:03:57	2021-03-16 16:38:38
9845570	mus	Estvmimvn vpoket omacket omv?	eeyinn	2021-03-16 02:04:13	2021-03-16 16:38:34
9845571	mus	Tvkocat hompetvn ohfullen hêcis.	eeyinn	2021-03-16 02:04:51	2021-03-16 16:38:07
9845572	mus	Cvtkolē hakes.	eeyinn	2021-03-16 02:05:14	2021-03-16 16:38:27
9845573	mus	Hoktēt okat, 'corakkot lētkvcoks, ecken kicvtēs.	eeyinn	2021-03-16 02:06:28	2021-03-16 16:38:14
9845574	mus	Locv okat, fuswvt yvhikvcoks, makvtēs.	eeyinn	2021-03-16 02:06:42	2021-03-16 16:38:21
9845575	mus	Hotvlvlket omēs.	eeyinn	2021-03-16 02:06:58	2021-03-16 16:38:53
9845576	mus	Honvnwv kvtopokvn kvtopoyat vmvpēles.	eeyinn	2021-03-16 02:08:34	2021-03-16 16:38:58
9845577	mus	Cofonwv ohhompetv ohlomhat kvrkvpēcivnks.	eeyinn	2021-03-16 02:08:51	2021-03-16 16:39:03
9845578	mus	Yefolhohkat emmvyattēhcvkes.	eeyinn	2021-03-16 02:09:08	2021-03-16 16:39:59
9845582	mus	Honvnwv uewv hvtvm yacet owisen nvcomusēt uewvn owis.	eeyinn	2021-03-16 02:11:27	2021-03-24 16:29:44
9845584	mus	Vnliketvt os Brighton-et.	eeyinn	2021-03-16 02:12:09	2021-11-27 21:48:07
9845585	mus	Estvimt cemestvlket te?	eeyinn	2021-03-16 02:12:20	2021-03-16 16:39:44
9845586	mus	Naket cemvtotketvt omv?	eeyinn	2021-03-16 02:12:32	2021-03-16 16:39:39
9845587	mus	Emvhayvt omit omēs.	eeyinn	2021-03-16 02:12:55	2021-03-16 16:39:35
9845588	mus	Cemefv enhocefhokvt naket te?	eeyinn	2021-03-16 02:13:06	2021-03-16 16:39:30
9845591	mus	Naket omisv?	eeyinn	2021-03-16 02:16:13	2021-03-16 16:39:25
9845592	mus	Naket cemetvlwvt omv?	eeyinn	2021-03-16 02:16:29	2021-03-16 16:39:19
9845593	mus	Ēkvn-fvskē emeste catēn omikv, "etvlwv" mahoken ocakisen fuswvlket omis.	eeyinn	2021-03-16 02:17:05	2021-11-28 18:38:01
9845594	mus	Mv hayeckv pohet omēt omat cemvlostēt omv?	eeyinn	2021-03-16 02:21:49	2021-03-16 16:41:06
9845598	mus	Nake okhacet omaten maketv ceyacv?	eeyinn	2021-03-16 02:24:05	2021-03-16 16:41:01
9845599	mus	Heyv mvhakv cuko ofvn nak cokv sulket ocacken, este ohonayetvn eyacat nvcomusen ocackes ca.	eeyinn	2021-03-16 02:25:40	2021-03-16 16:40:57
9845601	mus	Pumfulletvn naket omvranv?	eeyinn	2021-03-16 02:26:11	2021-03-16 16:40:51
9845610	mus	Estimvn fotkat pohet omiyv?	eeyinn	2021-03-16 03:37:40	2021-03-16 16:40:46
9845611	mus	Cenkvnhetv komet onkv nake makaten emenhonreckekos komis.	eeyinn	2021-03-16 03:45:49	2021-03-16 16:40:41
9845616	mus	Elepvranes.	eeyinn	2021-03-16 04:34:20	2021-03-16 16:40:39
9845617	mus	Popvsvtkepvranet os.	eeyinn	2021-03-16 04:34:48	2024-01-17 01:37:29
9845618	mus	Cvtolaswvt vnhvsvfket omisen naken papako tayēs ca!	eeyinn	2021-03-16 04:36:56	2021-03-16 16:40:17
9845619	mus	Cerke tat enhēret arv?	eeyinn	2021-03-16 04:37:35	2021-03-16 16:40:11
9846510	mus	Heleswv hayvt omis.	eeyinn	2021-03-16 16:57:13	2021-03-24 13:48:35
9846511	mus	Honvnwvt omis.	eeyinn	2021-03-16 16:57:45	2021-03-24 13:48:28
9846512	mus	Hvo.	eeyinn	2021-03-16 16:57:55	2021-03-24 13:48:21
9846513	mus	Enkv.	eeyinn	2021-03-16 16:57:59	2021-03-24 13:48:14
9846514	mus	Cahtvlket omis.	eeyinn	2021-03-16 16:58:18	2021-03-24 13:48:05
9846515	mus	Kerris.	eeyinn	2021-03-16 16:58:32	2021-03-24 13:47:55
9846516	mus	Kerraks.	eeyinn	2021-03-16 16:58:58	2021-03-24 13:46:59
9846517	mus	Cvtkole hakes.	eeyinn	2021-03-16 16:59:39	2021-03-24 13:46:46
9846518	mus	Heyvt ecorakkot os.	eeyinn	2021-03-16 17:00:08	2021-03-24 13:46:41
9846521	mus	Mv vhvoke hvwecvs.	eeyinn	2021-03-16 17:01:57	2021-03-24 13:46:12
9846522	mus	Ecenokēciyēt os.	eeyinn	2021-03-16 17:02:19	2021-03-24 13:46:07
9846528	mus	Vmmahat liket omes.	eeyinn	2021-03-16 17:05:03	2021-03-24 13:46:02
9846531	mus	Estvmin cenliketvt tē?	eeyinn	2021-03-16 17:05:25	2021-03-24 13:45:58
9846532	mus	Nvcomieckv?	eeyinn	2021-03-16 17:05:36	2021-03-24 13:45:54
9846533	mus	Oskēt os.	eeyinn	2021-03-16 17:05:59	2021-03-24 13:45:49
9846535	mus	Estvmimvn ayecket omv?	eeyinn	2021-03-16 17:06:22	2021-03-24 13:45:45
9846539	mus	Momēn komaks.	eeyinn	2021-03-16 17:07:18	2021-03-24 13:45:41
9846540	mus	Svtvn hompet omis.	eeyinn	2021-03-16 17:07:34	2021-03-24 13:45:36
9846541	mus	Estvmimvn vtotkecket omv?	eeyinn	2021-03-16 17:07:48	2021-03-24 13:45:32
9846542	mus	Estonko?	eeyinn	2021-03-16 17:08:04	2021-03-16 17:08:10
9846543	mus	Estvmimvn vteckēt omv?	eeyinn	2021-03-16 17:08:31	2021-03-16 17:08:35
9846561	mus	Cahtvlket omeckv?	eeyinn	2021-03-16 17:25:31	2021-03-16 17:25:34
9846562	mus	Ilesvlket omaks.	eeyinn	2021-03-16 17:25:50	2021-03-16 17:26:22
9846563	mus	Ilesvlketokot omis.	eeyinn	2021-03-16 17:26:03	2021-03-16 17:26:08
9847432	mus	Hompetv cvyacēs.	eeyinn	2021-03-17 05:01:23	2021-03-17 05:01:26
9847433	mus	Cekvsvppēt tē?	eeyinn	2021-03-17 05:02:01	2021-03-17 05:02:04
9847434	mus	Naken hompeckv?	eeyinn	2021-03-17 05:02:15	2021-03-17 05:02:18
9847435	mus	Tom-ke yvhiket os.	eeyinn	2021-03-17 05:02:36	2021-03-17 05:02:39
9847437	mus	Hompetvn vpēyvkēts.	eeyinn	2021-03-17 05:03:29	2021-03-17 05:03:33
9847441	mus	Vcafvckēt omvnks.	eeyinn	2021-03-17 05:04:33	2021-03-24 13:43:50
9847442	mus	Vcafvckēt omvtēs.	eeyinn	2021-03-17 05:04:45	2021-03-17 05:04:47
9847443	mus	Cvcket tvlofvn ayet os.	eeyinn	2021-03-17 05:05:08	2021-03-17 05:05:11
9847445	mus	Wacet tvlofvn ayet os.	eeyinn	2021-03-17 05:05:24	2021-03-17 05:05:27
9847446	mus	Hompetvn nēset os.	eeyinn	2021-03-17 05:05:44	2021-03-17 05:06:19
9847448	mus	Honvnwvt tvlakon hompet os.	eeyinn	2021-03-17 05:06:13	2021-03-17 05:06:16
9847452	mus	Cvmososwvt cvhiwvn emapohicet os.	eeyinn	2021-03-17 05:09:01	2021-03-17 05:09:04
9847453	mus	Estvmimvn vhyeckv?	eeyinn	2021-03-17 05:09:19	2021-03-17 05:09:23
9847454	mus	Hompetvn cvyacekot os.	eeyinn	2021-03-17 05:09:53	2021-03-17 05:18:24
9847455	mus	Naken hompet ohmeckv?	eeyinn	2021-03-17 05:10:08	2021-03-17 05:10:11
9847456	mus	Naken homipeckv?	eeyinn	2021-03-17 05:10:16	2021-03-17 05:10:20
9847457	mus	Naken hompeckvrēt tē?	eeyinn	2021-03-17 05:10:42	2021-03-17 05:11:12
9847458	mus	Vpeswvn homparēs.	eeyinn	2021-03-17 05:11:53	2021-03-17 05:11:56
9847460	mus	Kerrepvt omeckv?	eeyinn	2021-03-17 05:12:08	2021-03-17 05:12:52
9847461	mus	Cokv hēcvt omeckv?	eeyinn	2021-03-17 05:12:16	2021-03-17 05:12:58
9847464	mus	Felance emopunvkvn opunayeckēt tayv?	eeyinn	2021-03-17 05:13:33	2021-03-17 05:13:36
9847466	mus	Wvcenv emopunvkvn opunayeckv?	eeyinn	2021-03-17 05:13:59	2021-03-17 05:14:02
9847468	mus	Honvnwv vculat liket os.	eeyinn	2021-03-17 05:14:14	2021-03-17 05:14:17
9847469	mus	Hoktē mvnettucat yvhiket os.	eeyinn	2021-03-17 05:14:51	2021-03-17 05:14:54
9851341	mus	Estvmimvn vhyecket omv?	eeyinn	2021-03-18 23:42:29	2021-03-24 13:41:29
9851342	mus	Estvmimvn ayecket ohmv?	eeyinn	2021-03-18 23:42:56	2021-03-24 13:41:23
9851344	mus	Etohkayetv-cuko ayeckvnks.	eeyinn	2021-03-18 23:44:19	2021-03-24 13:41:16
9851346	mus	Vcvnokēceckēt tē?	eeyinn	2021-03-18 23:44:58	2021-03-24 13:41:12
9851427	mus	Cvcvpakkē mahēt omiyvnks	eeyinn	2021-03-19 00:32:54	2021-03-24 13:41:07
9851435	mus	Vhvoken hvwēcvranet omis.	eeyinn	2021-03-19 00:41:03	2021-03-24 13:40:53
9852290	mus	Mucv nettv tat naket te?	eeyinn	2021-03-19 13:56:43	2021-03-24 13:40:47
9852292	mus	Mucv nettv tat ennvrkvpv ennettvt os.	eeyinn	2021-03-19 13:59:14	2021-03-24 13:40:40
9852386	mus	Mucv ohrolopē tat naket te?	eeyinn	2021-03-19 14:26:37	2021-03-24 13:40:20
9852468	mus	Vccetv estomat vholwvkēt tē?	eeyinn	2021-03-19 15:19:36	2021-03-24 13:39:57
9852496	mus	Heyomat fettvn oskēt os.	eeyinn	2021-03-19 15:36:19	2021-03-24 13:32:33
9852498	mus	Cvcket neskv-cukon ayet omv?	eeyinn	2021-03-19 15:37:05	2021-03-24 13:32:43
9852499	mus	Wace neskv-cukon ayv?	eeyinn	2021-03-19 15:37:20	2021-03-24 13:32:53
9852501	mus	Honvnwvt takliken homipes.	eeyinn	2021-03-19 15:37:56	2021-03-24 13:33:14
9852504	mus	Honvnwvt takliken homipet os.	eeyinn	2021-03-19 15:40:43	2021-03-24 13:36:03
9852505	mus	Honvnwvt takliken hompet ohmes.	eeyinn	2021-03-19 15:40:52	2021-03-24 13:35:25
9852510	mus	Mucv nettv tvlofvn ayeckv?	eeyinn	2021-03-19 15:41:29	2021-03-24 13:36:44
9852516	mus	Heyv hoktē tat vnlakises.	eeyinn	2021-03-19 15:45:39	2021-03-24 13:36:51
9852517	mus	Mēkot vmopunayet os.	eeyinn	2021-03-19 15:46:47	2021-03-24 13:36:56
9852525	mus	Eco-vpeswvn norihcis.	eeyinn	2021-03-19 15:51:04	2021-03-24 13:37:03
9852526	mus	'Corakko estvn arv?	eeyinn	2021-03-19 15:51:20	2021-03-24 13:39:20
9852537	mus	Estomen tvlofvn vpeyv?	eeyinn	2021-03-19 15:59:19	2021-03-24 13:39:13
9852538	mus	Heles-hayvt hoktvlwan hēcet os.	eeyinn	2021-03-19 15:59:57	2021-03-24 13:39:05
9852540	mus	Puse lvste pvfnen lētkes.	eeyinn	2021-03-19 16:01:39	2021-03-24 13:39:00
9852545	mus	Efv lvstat puse hvtkan hēces.	eeyinn	2021-03-19 16:03:36	2021-03-24 13:38:55
9852547	mus	Efv lvstē puse hvtkē hēces.	eeyinn	2021-03-19 16:03:57	2021-03-24 13:38:48
9852551	mus	Estomen yvnvsv hvtken hopoheckv?	eeyinn	2021-03-19 16:07:37	2021-03-24 13:38:27
9852595	mus	Cehēcvkat vnhēres.	eeyinn	2021-03-19 16:28:13	2021-03-24 13:38:22
9852604	mus	Cvcke ecustake nvcomen nehset omv?	eeyinn	2021-03-19 16:30:50	2021-03-24 13:38:17
9852608	mus	Estomen accvke tvlekme holattan okkoseckv?	eeyinn	2021-03-19 16:31:30	2021-03-24 13:38:13
9867515	mus	Estvmi'n vpokackv?	eeyinn	2021-03-24 13:51:37	2021-03-24 13:52:14
9867516	mus	Estvmimvn vpokacket omv?	eeyinn	2021-03-24 13:51:55	2021-03-24 13:51:55
9867517	mus	'Stvn vpokaccv?	eeyinn	2021-03-24 13:52:06	2021-03-24 13:52:06
9867518	mus	Estvmin cemvpoketvt te?	eeyinn	2021-03-24 13:52:23	2021-03-24 13:52:23
9867833	mus	Honvnwv owv hvtvm eyacet omîsen nvcomusēt owvn omîs.	eeyinn	2021-03-24 16:30:32	2021-03-24 16:30:40
9867860	mus	Vlicēcet ohmeckof, a̜yē mahvccvs.	eeyinn	2021-03-24 16:39:03	2021-03-24 16:39:03
9867875	mus	Vlicēhceckof a̜yē mahvs.	eeyinn	2021-03-24 16:44:18	2021-03-24 16:44:18
9868445	mus	Nake cehocefkvt owv?	eeyinn	2021-03-25 03:01:20	2021-03-25 03:01:20
9868448	mus	Cik cvcefkvt os.	eeyinn	2021-03-25 03:01:44	2021-03-25 03:01:44
9868455	mus	Vntoknawv horkopakvnks.	eeyinn	2021-03-25 03:04:07	2021-03-25 03:04:07
9868461	mus	Etepakēt vpēyvrēs.	eeyinn	2021-03-25 03:47:21	2021-03-25 03:47:21
9868464	mus	Nakcokv-eskērkueckvt os, mvt onko?	eeyinn	2021-03-25 03:56:45	2021-03-25 03:56:45
9868467	mus	Enokkē cenhecketv tat cepenkvlēcet onko?	eeyinn	2021-03-25 03:59:56	2021-03-25 03:59:56
9868468	mus	Cemvkerrickv kerretv cvyacēt os.	eeyinn	2021-03-25 04:01:27	2021-03-25 04:01:27
9868469	mus	Nake vkerriceckan kerretv cvyacēt os.	eeyinn	2021-03-25 04:02:14	2021-03-25 04:02:14
9868474	mus	Hvlvlatken omēcepvs.	eeyinn	2021-03-25 04:03:53	2021-03-25 04:03:53
9868475	mus	Este opunayecekot.	eeyinn	2021-03-25 04:07:51	2021-03-25 04:07:51
9868476	mus	Mvt emafvckvkekot omvrēs.	eeyinn	2021-03-25 04:10:23	2021-04-13 17:02:02
9868487	mus	Heyomaten nak momvkat wiyvkekot os.	eeyinn	2021-03-25 04:14:10	2021-04-13 13:25:39
9868488	mus	Vcewekon vtēt tayvrēs.	eeyinn	2021-03-25 04:16:29	2021-04-13 16:55:49
9868489	mus	Nettv ayen nohcis	eeyinn	2021-03-25 04:17:53	2021-04-13 13:29:32
9868492	mus	Tom mvn omēcetv tat eyacēt os.	eeyinn	2021-03-25 04:20:08	2021-03-25 04:20:08
9868493	mus	Tom mvn mēcetv komet os.	eeyinn	2021-03-25 04:21:41	2021-03-25 04:21:41
9868500	mus	Este esvlvfkē enokkicemvts.	eeyinn	2021-03-25 04:35:22	2021-03-25 04:35:22
9868501	mus	Monkos wvcenv emopunvkvn opunayako tayēs cē.	eeyinn	2021-03-25 04:36:02	2021-03-25 04:36:02
9868502	mus	Mary tat pokko-nvfv em pokkēccet, mvt onko?	eeyinn	2021-03-25 04:37:32	2021-04-13 16:59:16
9869779	mus	Cukoce vyetv cvyacēs.	eeyinn	2021-03-25 15:19:39	2021-03-25 15:19:39
9869780	mus	Ra-vyetv cvyacēs.	eeyinn	2021-03-25 15:19:48	2021-03-25 15:19:48
9869866	mus	Aymalvlke enfulletvn eckvlke vrakkuecet omvccvs.	eeyinn	2021-03-25 16:21:16	2021-03-25 16:21:16
9869870	mus	Mvto.	eeyinn	2021-03-25 16:21:51	2021-03-25 16:21:51
9869873	mus	Cehēcakot os.	eeyinn	2021-03-25 16:22:21	2021-03-25 16:22:21
9869874	mus	Kafe cvyacēt os.	eeyinn	2021-03-25 16:22:32	2021-03-25 16:22:32
9869876	mus	Cehēciyat vcafvcecicet os.	eeyinn	2021-03-25 16:24:41	2021-03-25 16:24:41
9869883	mus	Tom mv tat mēcetv orēn eyacēkvnks.	eeyinn	2021-03-25 16:27:51	2021-03-25 16:27:51
9869913	mus	Ervkkvt palen toknawv yomusēt os.	eeyinn	2021-03-25 16:35:21	2021-03-25 16:35:21
9869926	mus	Yvmv cukofvn nak vhayēt tayv?	eeyinn	2021-03-25 16:41:09	2021-03-25 16:41:09
9870704	mus	Estofis nake enyekcetv ocekat 'mēcet os.	eeyinn	2021-03-26 01:51:10	2021-04-01 00:49:25
9870705	mus	Mucv hvthvyvtke tat fettv estonko?	eeyinn	2021-03-26 01:52:02	2021-03-26 01:52:02
9870706	mus	Maketvt omēs cē, Boston tvlofvn omit omat ēhonēckēt omekvnks.	eeyinn	2021-03-26 01:59:44	2021-03-30 18:17:58
9870757	mus	Tom nak-estomen eyopaklatkat cekihcv?	eeyinn	2021-03-26 04:08:19	2021-03-30 18:17:23
9870758	mus	Hvtvm yvmvn atekot.	eeyinn	2021-03-26 04:11:45	2021-03-28 15:28:44
9870759	mus	Vncokv kihceckv?	eeyinn	2021-03-26 04:12:52	2021-03-26 04:12:52
9870760	mus	Rvfo 'cuse vtehkan yvmvn vpokēt os.	eeyinn	2021-03-26 04:15:36	2021-03-26 04:15:36
9870761	mus	Vncvnaket omekat kihcis.	eeyinn	2021-03-26 04:16:46	2021-03-31 22:50:29
9870762	mus	Tom mv toknawv omvlkat estvn enhecikv?	eeyinn	2021-03-26 04:22:32	2021-03-30 17:52:15
9870763	mus	Estvmin lihkeckv?	eeyinn	2021-03-26 04:23:21	2021-03-30 18:15:30
9870764	mus	Tom s'vhayat cvpakkuecet os.	eeyinn	2021-03-26 04:26:07	2021-03-26 04:26:07
9870765	mus	Tom eyacekat estomen kerret ohmeckv?	eeyinn	2021-03-26 04:26:53	2021-04-01 00:47:52
9870766	mus	Tom naken eyacan kerrēt oman eyacet os.	eeyinn	2021-03-26 04:31:33	2021-03-30 18:14:25
9870767	mus	Tom okat Mary mvn mēcetv emetektvnkē ētan emetv eyacēt os kihces.	eeyinn	2021-03-26 04:35:24	2021-03-30 17:51:41
9927953	mus	Tom okat Mary hvtvm mvn 'mēcetv em etektvnecē eyacēt os.	eeyinn	2021-03-30 17:51:02	2021-03-30 17:51:16
9927956	mus	Tom s'vhayat eyaceko mahēs.	eeyinn	2021-03-30 17:53:12	2021-03-30 17:53:12
9928384	mus	Tom naken mēcēyan kerretv eyacēt os.	eeyinn	2021-03-30 22:13:53	2021-03-30 22:13:53
9928405	mus	Miste poyacēt os komis.	eeyinn	2021-03-30 22:22:51	2021-04-16 03:15:34
9928412	mus	Tom afvckēt omekvnks.	eeyinn	2021-03-30 22:25:32	2021-03-30 22:25:32
9928413	mus	Tom afvckēkot omvnks.	eeyinn	2021-03-30 22:25:40	2021-03-30 22:25:40
9928568	mus	Nak estomen poyacet owv?	eeyinn	2021-03-31 02:17:54	2021-03-31 02:17:54
9928569	mus	Nak estomen poyacet te?	eeyinn	2021-03-31 02:18:03	2021-03-31 02:18:03
9929515	mus	Nocepvs!	eeyinn	2021-03-31 17:02:02	2021-03-31 17:02:02
9929535	mus	Kafe pumvnahat kohmis.	eeyinn	2021-03-31 17:09:29	2021-03-31 17:09:29
9929539	mus	Cekvn awaret omarēs cē!	eeyinn	2021-03-31 17:10:26	2021-04-16 03:12:44
9939246	mus	Vmesekovpēttickv vnkvpiceckehv̜?	eeyinn	2021-04-05 18:05:44	2021-04-05 18:05:44
9940739	mus	Mvn hompakarēs.	eeyinn	2021-04-06 14:28:07	2021-04-06 14:28:07
9954402	mus	Nak-tate wiyvkekot os.	eeyinn	2021-04-13 13:26:35	2021-04-13 13:26:35
9954408	mus	Nettv ayat nociyîs.	eeyinn	2021-04-13 13:30:02	2021-04-13 13:30:12
9954824	mus	Aymalvlke enfulletvn eckvlke vrakkuecetv empvtakvt omēs.	eeyinn	2021-04-13 16:58:31	2021-04-13 16:58:31
9954825	mus	Mary tat pokko-nvfkv pokkēcetvn aret, mvt onko?	eeyinn	2021-04-13 16:59:51	2021-04-13 16:59:51
9954855	mus	Boston tvlofvn ariyof vmohpvlvtket os cē.	eeyinn	2021-04-13 17:23:53	2021-04-13 17:23:53
9954858	mus	Ennoketv enhecketvn cepenkvleceko̜?	eeyinn	2021-04-13 17:25:08	2021-04-13 17:25:08
9954861	mus	Tom nak-eyacat ponkerrkuecet komet os.	eeyinn	2021-04-13 17:26:19	2021-04-13 17:26:19
9954862	mus	Nak komeckat vrakkuecis	eeyinn	2021-04-13 17:27:23	2021-04-13 17:27:23
9961204	mus	Vnsekovpēttickv cenkvpicihv̜?	eeyinn	2021-04-16 03:10:50	2021-04-16 03:10:50
9961208	mus	Vnnaketokot omat kihcis.	eeyinn	2021-04-16 03:13:40	2021-04-16 03:13:40
9961216	mus	Emēkusapvs cē.	eeyinn	2021-04-16 03:41:31	2021-04-16 03:41:31
9961218	mus	Tvlof-rakko enhoktēt omeckekot, mvt onko?	eeyinn	2021-04-16 03:43:59	2021-04-16 03:43:59
9961220	mus	Mary emvhakvkērrvn huehkvnks.	eeyinn	2021-04-16 03:46:19	2021-04-16 03:46:19
9961221	mus	Yvmvn mvhayvt omeckemvt's.	eeyinn	2021-04-16 03:46:46	2021-04-16 03:46:46
9961223	mus	Fekhvmke sekomahet omvkekvnks.	eeyinn	2021-04-16 03:50:43	2021-04-16 03:50:43
9961224	mus	Tom mimvn omvranekan kērris cē.	eeyinn	2021-04-16 03:51:35	2021-04-16 03:51:35
9961225	mus	Este nak-fvcceko makat "este hoporrenekot" kicetvtokot omēs.	eeyinn	2021-04-16 03:54:56	2021-04-16 03:54:56
9961232	mus	Tom mvn estomet omecat Mary enkicvhanat komaks.	eeyinn	2021-04-16 04:14:04	2021-04-16 04:14:04
9961235	mus	Estvn Mary enokēcēt omat centat omeckes, vntat tokot os.	eeyinn	2021-04-16 04:26:10	2021-04-16 04:26:10
9961243	mus	Tok mvn mēcetvtokot owēs, kērreckeko̜?	eeyinn	2021-04-16 04:32:54	2021-04-16 04:32:54
9961244	mus	Heyvn likepvs.	eeyinn	2021-04-16 04:33:16	2021-04-16 04:33:16
9961256	mus	Tom okat Mary nvkvftetv orēn eyacet os kihces.	eeyinn	2021-04-16 04:39:38	2021-04-16 04:39:38
9961261	mus	Tom mucv nettv yvmvn omvranes monkat omvranekat ohvkerricis.	eeyinn	2021-04-16 04:42:50	2021-04-16 04:42:50
9961276	mus	Mvnte ayat emehakakot tayēs cē!	eeyinn	2021-04-16 04:49:40	2021-04-16 04:50:17
9962689	mus	Heyv nakcokv vnhesse mehenwvkat os ce.	eeyinn	2021-04-16 13:43:05	2021-04-16 13:43:05
9962691	mus	Vlēcicetv yeckē-vlkēs.	eeyinn	2021-04-16 13:44:15	2021-04-16 13:44:15
9962736	mus	Efv acemvnicihv̜?	eeyinn	2021-04-16 14:12:40	2021-04-16 14:12:40
9962739	mus	Yekce mahetokot os, mvt onko?	eeyinn	2021-04-16 14:14:37	2021-04-16 14:14:37
9962944	mus	Este omvlkat yopaklatkekon rorvkvnks.	eeyinn	2021-04-16 15:48:21	2021-04-16 15:48:21
9963448	mus	Hvte meskē orvhanet os.	eeyinn	2021-04-16 20:21:27	2024-01-17 01:35:50
9966059	mus	Cehesaketvn hopuetake nakemkv hēruse hvmket owēs.	eeyinn	2021-04-17 23:37:20	2021-04-17 23:37:20
9978826	mus	Mvn mēcetvn komiē monken.	eeyinn	2021-04-22 14:17:22	2021-04-22 14:17:22
9978827	mus	Rahecepvkets.	eeyinn	2021-04-22 14:20:09	2021-04-22 14:20:09
9978848	mus	Tom mon Mary emeshvweckv sumecat kicvken.	eeyinn	2021-04-22 14:38:03	2021-04-22 14:38:03
9978852	mus	Vccakvn cvyacēs	eeyinn	2021-04-22 14:39:46	2021-04-22 14:39:46
9978853	mus	Tom pumopunayetv cvyacēs.	eeyinn	2021-04-22 14:40:10	2021-04-22 14:40:10
9978854	mus	Naken maketv kerraks.	eeyinn	2021-04-22 14:40:52	2021-04-22 14:40:52
9978855	mus	Cvpuca tate enheckv vkerricaks.	eeyinn	2021-04-22 14:41:57	2021-04-22 14:41:57
9978879	mus	Fettv estonkon oman opunayehcakot os.	eeyinn	2021-04-22 15:07:30	2021-04-22 15:07:30
9978912	mus	Tom momen Mary nak omvlkv eyacan nesehpet os.	eeyinn	2021-04-22 15:45:50	2021-04-22 15:45:50
9980900	mus	Tvlofv nvrkvpv vyetvn oketv tayen ocaks.	eeyinn	2021-04-23 15:56:36	2021-04-23 15:56:36
9980902	mus	Vtotketv sulken ocikv tvlofv ennvrkvpvn ayako tayes.	eeyinn	2021-04-23 15:59:35	2021-04-23 15:59:35
9980918	mus	Tom uehomē ēsket este-hacvtokot os.	eeyinn	2021-04-23 16:06:33	2021-04-23 16:06:33
9980924	mus	Taklike nvcomen nehseckv?	eeyinn	2021-04-23 16:12:28	2021-04-23 16:12:28
9980926	mus	Ohrolopē tuccēnvnkē Flance emopunvkvn vketēcimvts.	eeyinn	2021-04-23 16:15:06	2021-04-23 16:15:06
10001784	mus	Hvse Tomken nokricvnks.	eeyinn	2021-05-01 23:42:21	2021-05-01 23:42:21
10001786	mus	Hvse cvnokrihcet os.	eeyinn	2021-05-01 23:42:43	2021-05-01 23:42:43
10001787	mus	Hvse punokrihces.	eeyinn	2021-05-01 23:43:03	2021-05-01 23:43:03
10001788	mus	Hvse enoricvnks.	eeyinn	2021-05-01 23:43:24	2021-05-01 23:43:24
10001791	mus	Hvse cvnokrihces.	eeyinn	2021-05-01 23:47:25	2021-05-01 23:47:25
10001792	mus	Hvse ceturwv nokrihcet os	eeyinn	2021-05-01 23:48:19	2021-05-01 23:48:19
10001793	mus	Hvse nokricetv yekcet os.	eeyinn	2021-05-01 23:49:02	2021-05-01 23:49:02
10001795	mus	Hvse elen nokricvkvnks.	eeyinn	2021-05-01 23:49:55	2021-05-01 23:49:55
10001810	mus	Eshakv hēret cvlapvs.	eeyinn	2021-05-02 00:07:16	2021-05-02 00:07:16
10001819	mus	Cenhērvkekvcoks.	eeyinn	2021-05-02 00:11:46	2021-05-02 00:11:46
10001822	mus	Tom mvn mēcē tayat komis.	eeyinn	2021-05-02 00:13:29	2021-05-02 00:13:29
10002022	mus	Mvn mēcetvt owēs kohmis.	eeyinn	2021-05-02 05:14:19	2021-05-02 05:14:19
10009300	mus	Vmaccvkē pakpvkē o̜rusēt os.	eeyinn	2021-05-05 14:24:47	2021-05-05 14:24:47
10009308	mus	Vmaccvkē pakpvkē sulken oces.	eeyinn	2021-05-05 14:25:31	2021-05-05 14:25:31
10009324	mus	Hoktē hv̜lwusēt os.	eeyinn	2021-05-05 14:28:20	2021-05-05 14:28:20
10009527	mus	Mistehvtke "German" kihocēt uetokset on feckucet emvlostē os.	eeyinn	2021-05-05 15:33:12	2021-05-05 15:33:12
10009541	mus	Emestelepikvn hecahkes.	eeyinn	2021-05-05 15:38:27	2021-05-05 15:38:27
10013554	mus	Mvto vcehvlleckat cemoketv emat.	eeyinn	2021-05-07 14:51:21	2021-05-07 14:51:21
10013555	mus	Mv hoktē naken mecetvt omēt oman kerrvcoks.	eeyinn	2021-05-07 14:52:42	2021-05-07 14:52:42
10013590	mus	Tom ontvlketvn emvrapekot. Cvpakkof este penkvlēcēt os.	eeyinn	2021-05-07 15:16:20	2021-05-07 15:16:20
10013695	mus	Encokv vntotet okat nettvcak'cuse hvmkofvn vlvkvranet os cvkices.	eeyinn	2021-05-07 15:45:29	2021-05-07 15:45:29
10013712	mus	Tomket Maryken naken estoman asohwikvnks.	eeyinn	2021-05-07 15:58:13	2021-05-07 15:58:13
10013718	mus	Hofonen yvmvt ohmiyvtēs.	eeyinn	2021-05-07 16:11:31	2021-05-07 16:11:31
10013724	mus	Mennint ehocefkat estonko 'tetayēs.	eeyinn	2021-05-07 16:14:24	2021-05-07 16:14:24
10013728	mus	Vculepvccvs, Tom.	eeyinn	2021-05-07 16:15:36	2021-05-07 16:15:36
10013729	mus	Ēnmecetvt owēs mahokes.	eeyinn	2021-05-07 16:18:22	2021-05-07 16:18:22
10013730	mus	Vcewen fekvpet wakkepihv̜?	eeyinn	2021-05-07 16:19:27	2021-05-07 16:19:57
10013733	mus	Tom raccaket vpelvnks.	eeyinn	2021-05-07 16:28:50	2021-05-07 16:28:50
10013750	mus	Semē ton Lilv hocefhokat etepvkakēt os.	eeyinn	2021-05-07 16:38:29	2021-05-07 16:38:29
10013760	mus	Semē ton Lilv hocefhokat etehvlahtet os.	eeyinn	2021-05-07 16:43:59	2021-05-07 16:43:59
10030362	mus	Nake cvlēcekat cvyekcicet os.	eeyinn	2021-05-13 14:48:29	2021-05-13 14:48:29
10030379	mus	Estofis ekvn mucvsan esvwosketvt vwecicvhanes.	eeyinn	2021-05-13 14:59:47	2021-05-13 14:59:47
10030413	mus	Emvkerrickvt oces makakes.	eeyinn	2021-05-13 15:20:27	2021-05-28 12:38:35
10032333	mus	Pvlvtikvhohkes.	eeyinn	2021-05-14 00:02:09	2021-05-14 00:02:09
10032371	mus	Mary Boston tvlofvn cunecketv eyahcēs Tom maket os.	eeyinn	2021-05-14 00:28:23	2021-05-14 00:28:23
10032429	mus	Este-conēcv ofvn este omvlkvn etektvnkē tayekot os.	eeyinn	2021-05-14 01:27:39	2021-05-14 01:27:39
10032431	mus	Kerrepv afvckvket omîs mvhayv afvckvketokot os.	eeyinn	2021-05-14 01:29:54	2021-05-28 12:29:38
10069163	mus	Tvlkes ceme eshokkolat eshvmkusetv ceyace wites.	eeyinn	2021-05-28 12:35:34	2021-05-28 12:35:34
10069168	mus	Naken vnkicetv ceyacv?	eeyinn	2021-05-28 12:37:52	2021-05-28 12:37:52
10069173	mus	Mv hoktē okat momecetvn komes makvtēs.	eeyinn	2021-05-28 12:39:43	2021-05-28 12:40:43
10069176	mus	Tvlof-rakkon likeckv?	eeyinn	2021-05-28 12:41:02	2021-05-28 12:41:02
10069189	mus	Tom-ket Marry-ke enhopuewv hv̜mkuset omvtēs.	eeyinn	2021-05-28 12:42:10	2021-05-28 12:42:10
10069218	mus	Honvnwv hokkolat cehecvkat emehaket os.	eeyinn	2021-05-28 13:00:34	2021-05-28 13:00:34
10163148	mus	Paksen etemvrvhanakot os ce.	eeyinn	2021-07-11 07:15:19	2021-07-11 07:15:19
10163150	mus	Mvto hvyo palēckv vmeckat.	eeyinn	2021-07-11 07:18:02	2021-07-11 07:18:02
10163160	mus	Enhessetvke hvmkat omis.	eeyinn	2021-07-11 07:54:36	2021-07-11 07:54:58
10163173	mus	“Raociyē tayv?” “Monks ce.”	eeyinn	2021-07-11 08:06:17	2021-07-11 08:06:17
10163174	mus	Mary okat vmvsameko monken kihces.	eeyinn	2021-07-11 08:07:35	2021-07-11 08:07:45
10163179	mus	Mary emvtotketvcukofvn omekot os Tom mvn kohmes.	eeyinn	2021-07-11 08:12:28	2021-07-11 08:12:28
10163191	mus	Tom momen Mary tvpaket oman komakvnks.	eeyinn	2021-07-11 08:14:58	2021-07-11 08:14:58
10164477	mus	Vmapohickvrēn cvyacēt os ce.	eeyinn	2021-07-11 18:09:56	2021-07-11 18:09:56
10164484	mus	Mvn vmohhvyayiceckehv̜?	eeyinn	2021-07-11 18:13:21	2021-07-11 18:13:21
10164491	mus	Mary momen Tom okat mvn omēcvkē tayēt os kihoces.	eeyinn	2021-07-11 18:15:38	2021-07-11 18:15:38
10344105	mus	Vnhvtecę̄skusat Lom tvlwvn cukoperihcis.	eeyinn	2021-10-05 11:27:28	2021-10-05 11:27:28
10344106	mus	Nak hervke sulken hehciyemvt's.	eeyinn	2021-10-05 11:28:58	2021-10-05 11:28:58
10457215	mus	Afackepvs ca!	eeyinn	2021-10-23 21:39:30	2021-10-23 21:39:30
10457216	mus	Fvccvtokot os.	eeyinn	2021-10-23 21:40:19	2021-10-23 21:40:19
10457217	mus	Hvtvm yekcicen.	eeyinn	2021-10-23 21:41:54	2021-10-23 21:41:54
10457218	mus	Hvtvm cvyayvkusen!	eeyinn	2021-10-23 21:42:11	2021-10-23 21:42:11
10457219	mus	Ohyekcen.	eeyinn	2021-10-23 21:43:07	2021-10-23 21:43:07
10457225	mus	Nake?	eeyinn	2021-10-23 21:45:30	2021-10-23 21:45:30
10457227	mus	Naket tē?	eeyinn	2021-10-23 21:45:36	2021-10-23 21:45:36
10457228	mus	Naket owv?	eeyinn	2021-10-23 21:45:41	2021-10-23 21:45:41
10457229	mus	Naket omv?	eeyinn	2021-10-23 21:45:46	2021-10-23 21:45:46
10457231	mus	Nak estomen?	eeyinn	2021-10-23 21:46:13	2021-10-23 21:46:13
10457232	mus	Nak estowen?	eeyinn	2021-10-23 21:46:22	2021-10-23 21:46:22
10457234	mus	Nak esto'n?	eeyinn	2021-10-23 21:46:29	2021-10-23 21:46:29
10457235	mus	Na'sto'n?	eeyinn	2021-10-23 21:46:35	2021-10-23 21:46:35
10457236	mus	Esvnwikepvs...	eeyinn	2021-10-23 21:46:55	2021-10-23 21:46:55
10457246	mus	Ohyekcen momēt os.	eeyinn	2021-10-23 22:05:42	2021-10-23 22:05:42
10457247	mus	Momē tvlkēs.	eeyinn	2021-10-23 22:06:21	2021-10-23 22:06:21
10457249	mus	Kvnēssvs!	eeyinn	2021-10-23 22:10:34	2021-10-23 22:10:34
10457251	mus	Coknaheckes ce!	eeyinn	2021-10-23 22:11:30	2021-10-23 22:11:30
10457253	mus	Elepvs ca!	eeyinn	2021-10-23 22:12:15	2021-10-23 22:12:15
10457255	mus	Momēt tē?	eeyinn	2021-10-23 22:12:28	2021-10-23 22:12:28
10459767	mus	Tayēs cē!	eeyinn	2021-10-24 23:39:56	2021-10-24 23:39:56
10459768	mus	Tayēt os!	eeyinn	2021-10-24 23:40:10	2021-10-24 23:40:10
10459770	mus	Tayēt os ce!	eeyinn	2021-10-24 23:40:23	2021-10-24 23:40:23
10459771	mus	Tayēs!	eeyinn	2021-10-24 23:40:33	2021-10-24 23:40:33
10459775	mus	Hayla!	eeyinn	2021-10-24 23:41:32	2021-10-24 23:41:32
10459776	mus	Vmvnicvs ca!	eeyinn	2021-10-24 23:41:45	2021-10-24 23:41:45
10459778	mus	Fekhonnvs!	eeyinn	2021-10-24 23:41:56	2021-10-24 23:41:56
10459779	mus	Celvwēt tē?	eeyinn	2021-10-24 23:42:38	2021-10-24 23:42:38
10459780	mus	Celvwēt owv?	eeyinn	2021-10-24 23:42:46	2021-10-24 23:42:46
10459781	mus	Celvwēt omv?	eeyinn	2021-10-24 23:42:54	2021-10-24 23:42:54
10459782	mus	Celvwēyv?	eeyinn	2021-10-24 23:43:03	2021-10-24 23:43:03
10459787	mus	Escehacohakēs ce!	eeyinn	2021-10-24 23:45:22	2021-10-24 23:45:22
10459790	mus	A̜ehvha.	eeyinn	2021-10-24 23:46:48	2021-10-24 23:46:48
10459791	mus	Monks ce.	eeyinn	2021-10-24 23:47:00	2021-10-24 23:47:00
10459792	mus	Monko.	eeyinn	2021-10-24 23:47:10	2021-10-24 23:47:10
10459793	mus	Hekust.	eeyinn	2021-10-24 23:47:16	2021-10-24 23:47:16
10459803	mus	Vnickv!	eeyinn	2021-10-24 23:52:07	2021-10-24 23:52:07
10459804	mus	Vmvnicvs!	eeyinn	2021-10-24 23:52:12	2021-10-24 23:52:12
10459805	mus	Vnicetv!	eeyinn	2021-10-24 23:52:19	2021-10-24 23:52:19
10459826	mus	Fvccvt os!	eeyinn	2021-10-25 00:12:11	2021-10-25 00:12:11
10459827	mus	Taskvs.	eeyinn	2021-10-25 00:14:28	2021-10-25 00:14:28
10459828	mus	Hilv!	eeyinn	2021-10-25 00:16:33	2021-10-25 00:16:33
10459829	mus	Cehecarēs!	eeyinn	2021-10-25 00:16:55	2021-10-25 00:16:55
10459830	mus	Cehecahēh!	eeyinn	2021-10-25 00:17:02	2021-10-25 00:17:02
10459831	mus	Tehecvkvrēs!	eeyinn	2021-10-25 00:17:17	2021-10-25 00:17:17
10459832	mus	Tehecvkvhēh!	eeyinn	2021-10-25 00:17:43	2021-10-25 00:17:43
10459833	mus	Tehechoyvrēs!	eeyinn	2021-10-25 00:18:38	2021-10-25 00:18:38
10459834	mus	Tehechoyvhēh!	eeyinn	2021-10-25 00:18:50	2021-10-25 00:18:50
10459835	mus	Vmapohicvs!	eeyinn	2021-10-25 00:21:19	2021-11-28 06:48:44
10459836	mus	Hoporreneko!	eeyinn	2021-10-25 00:22:07	2021-10-25 00:22:07
10459837	mus	Cvyayihcvs!	eeyinn	2021-10-25 00:22:48	2021-10-25 00:22:48
10459838	mus	Tasikvs.	eeyinn	2021-10-25 00:23:01	2021-10-25 00:23:01
10459840	mus	Sakmorehcvs.	eeyinn	2021-10-25 00:29:37	2021-10-25 00:29:37
10459841	mus	Estomahes ce!	eeyinn	2021-10-25 00:29:50	2021-10-25 00:29:50
10459843	mus	Aehv.	eeyinn	2021-10-25 00:30:11	2021-10-25 00:30:11
10459847	mus	Semvnvcecēs cē.	eeyinn	2021-10-25 00:32:38	2021-11-28 06:39:19
10459848	mus	Ravkerricepvs ca!	eeyinn	2021-10-25 00:34:03	2021-10-25 00:34:03
10459849	mus	Rakerrihcvs!	eeyinn	2021-10-25 00:34:15	2021-10-25 00:34:15
10511094	mus	Neren vtotkis.	eeyinn	2021-11-16 02:20:05	2021-11-16 02:20:05
10512870	mus	Heyomat resvlaket.	eeyinn	2021-11-16 22:34:30	2021-11-16 22:34:30
10533548	mus	Hvmah!	eeyinn	2021-11-28 06:49:12	2021-11-28 06:49:12
10533549	mus	Ąhvkleksa!	eeyinn	2021-11-28 06:49:45	2021-11-28 06:49:45
10533556	mus	Tehę̄cholâkvs!	eeyinn	2021-11-28 06:51:33	2021-11-28 06:51:33
10533577	mus	Tamke halehlusvkv lapkon ǫwikv̂s.	eeyinn	2021-11-28 07:25:59	2021-11-28 07:26:23
10534538	mus	"Estvn likeckēt tē?" "Tokyo tvlofvn likiyēt os."	eeyinn	2021-11-28 19:15:55	2021-11-28 19:15:55
10534892	mus	Rvro ceyacet onko?	eeyinn	2021-11-28 23:04:20	2021-11-28 23:04:20
10534953	mus	Rakerricaks.	eeyinn	2021-11-28 23:56:07	2021-11-28 23:56:07
10534955	mus	Momvrąnuset os.	eeyinn	2021-11-29 00:05:31	2021-11-29 00:05:31
10534956	mus	Herē mahē!	eeyinn	2021-11-29 00:06:40	2021-11-29 00:06:40
10534957	mus	Likepvs ce.	eeyinn	2021-11-29 00:08:10	2021-11-29 00:08:10
10534958	mus	Elēpēt tē?	eeyinn	2021-11-29 00:08:39	2021-11-29 00:08:39
10534959	mus	Opunayet omis.	eeyinn	2021-11-29 00:09:02	2021-11-29 00:09:02
10534960	mus	Vkvsamako tayes!	eeyinn	2021-11-29 00:15:58	2021-11-29 00:15:58
10534961	mus	Hoporrenē mahē!	eeyinn	2021-11-29 00:16:50	2021-11-29 00:16:50
10534962	mus	Cokv hecet!	eeyinn	2021-11-29 00:18:15	2021-11-29 00:18:15
10534963	mus	Vketēcet!	eeyinn	2021-11-29 00:18:22	2021-11-29 00:18:22
10534964	mus	Sēmvhayet!	eeyinn	2021-11-29 00:19:01	2021-11-29 00:19:01
10534965	mus	Esēemvhayet!	eeyinn	2021-11-29 00:19:14	2021-11-29 00:19:14
10534966	mus	Etetąyusēt os ce!	eeyinn	2021-11-29 00:20:07	2021-11-29 00:20:07
10534967	mus	Cenkērris ca!	eeyinn	2021-11-29 00:27:23	2021-11-29 00:27:23
10534968	mus	Tvlkēs ce!	eeyinn	2021-11-29 00:28:09	2021-11-29 00:28:09
10534969	mus	Ahtvs!	eeyinn	2021-11-29 00:28:40	2021-11-29 00:28:40
10534970	mus	Letkvs ca!	eeyinn	2021-11-29 00:32:39	2021-11-29 00:32:39
10534971	mus	Letikvs ca!	eeyinn	2021-11-29 00:32:45	2021-11-29 00:32:45
10534972	mus	Momeko tayes.	eeyinn	2021-11-29 00:32:58	2021-11-29 00:32:58
10534973	mus	Estǫmahēt os ce.	eeyinn	2021-11-29 00:37:36	2021-11-29 00:37:36
10534974	mus	Momen naket te?	eeyinn	2021-11-29 00:38:20	2021-11-29 00:38:20
10534975	mus	Acēyepvs ce!	eeyinn	2021-11-29 00:38:57	2021-11-29 00:38:57
10534977	mus	Vhē̜ricet!	eeyinn	2021-11-29 00:40:31	2021-11-29 00:40:31
10534978	mus	Ēvkvtēcet!	eeyinn	2021-11-29 00:40:43	2021-11-29 00:40:43
10534980	mus	Hilv.	eeyinn	2021-11-29 00:44:29	2021-11-29 00:44:29
10534981	mus	Heret os.	eeyinn	2021-11-29 00:45:30	2021-11-29 00:45:30
10534982	mus	Ahyvs!	eeyinn	2021-11-29 00:47:30	2021-11-29 00:47:30
10534983	mus	Ehę!	eeyinn	2021-11-29 00:48:06	2021-11-29 00:48:06
10534984	mus	Cokv hēcvs!	eeyinn	2021-11-29 00:49:02	2021-11-29 00:49:02
10534985	mus	Ohonayvs!	eeyinn	2021-11-29 00:49:54	2021-11-29 00:49:54
10534987	mus	Monkot omv?	eeyinn	2021-11-29 00:50:20	2021-11-29 00:50:20
10534988	mus	Mvt onko?	eeyinn	2021-11-29 00:50:32	2021-11-29 00:50:32
10534990	mus	Enka!	eeyinn	2021-11-29 00:50:58	2021-11-29 00:50:58
10534992	mus	Ceyetv pvnvkv tv?	eeyinn	2021-11-29 00:51:46	2021-11-29 00:51:46
10534996	mus	Pvfnēcet!	eeyinn	2021-11-29 01:08:06	2021-11-29 01:08:06
10534997	mus	Tottolose!	eeyinn	2021-11-29 01:08:31	2021-11-29 01:08:31
10534998	mus	Tolose!	eeyinn	2021-11-29 01:08:55	2021-11-29 01:08:55
10535001	mus	Omechoyet os.	eeyinn	2021-11-29 01:14:00	2021-11-29 01:14:00
10535002	mus	Mechoyet os.	eeyinn	2021-11-29 01:14:05	2021-11-29 01:14:05
10535003	mus	Mechoyes.	eeyinn	2021-11-29 01:14:14	2021-11-29 01:14:14
10535004	mus	Pohyet os.	eeyinn	2021-11-29 01:16:00	2021-11-29 01:16:00
10535005	mus	Pohyes.	eeyinn	2021-11-29 01:16:08	2021-11-29 01:16:08
10535008	mus	Enka.	eeyinn	2021-11-29 01:28:05	2021-11-29 01:28:05
10535009	mus	Punvkvleckv.	eeyinn	2021-11-29 01:32:20	2021-11-29 01:32:20
10535015	mus	Hesakēpet.	eeyinn	2021-11-29 01:47:43	2021-11-29 01:47:43
10535016	mus	Hvtehtvs!	eeyinn	2021-11-29 01:49:55	2021-11-29 01:49:55
10535017	mus	Hvtettvs!	eeyinn	2021-11-29 01:50:01	2021-11-29 01:50:01
10535018	mus	Hvtehtvs ce!	eeyinn	2021-11-29 01:50:10	2021-11-29 01:50:10
10535019	mus	Hvtettvs ce!	eeyinn	2021-11-29 01:50:24	2021-11-29 01:50:24
10535021	mus	Komet mecet!	eeyinn	2021-11-29 01:52:12	2021-11-29 01:52:26
10535032	mus	Vlicēcvs!	eeyinn	2021-11-29 03:16:58	2021-11-29 03:16:58
10535033	mus	Vlicēcet!	eeyinn	2021-11-29 03:17:04	2021-11-29 03:17:04
10535034	mus	Opunayvs!	eeyinn	2021-11-29 03:17:16	2021-11-29 03:17:16
10535035	mus	Hehcvs!	eeyinn	2021-11-29 03:17:25	2021-11-29 03:17:25
10535036	mus	Hēcvs!	eeyinn	2021-11-29 03:17:33	2021-11-29 03:17:33
10535038	mus	Opunvhyvs!	eeyinn	2021-11-29 03:17:43	2021-11-29 03:17:43
10535039	mus	Vlicehcvs!	eeyinn	2021-11-29 03:17:51	2021-11-29 03:17:51
10535040	mus	Pvfnet!	eeyinn	2021-11-29 03:18:19	2021-11-29 03:18:19
10535041	mus	Totkv!	eeyinn	2021-11-29 03:19:07	2021-11-29 03:19:07
10535049	mus	Vkuekekot!	eeyinn	2021-11-29 03:24:41	2021-11-29 03:24:41
10535051	mus	Nekēyekot!	eeyinn	2021-11-29 03:25:25	2021-11-29 03:25:25
10535052	mus	Mont omisen.	eeyinn	2021-11-29 03:25:50	2021-11-29 03:25:50
10535053	mus	Vnrvpkv hayis!	eeyinn	2021-11-29 03:26:43	2021-11-29 03:26:43
10535054	mus	Cvyayvkvs!	eeyinn	2021-11-29 03:26:52	2021-11-29 03:26:52
10535055	mus	Cvyayvs!	eeyinn	2021-11-29 03:27:48	2021-11-29 03:27:48
10535056	mus	Cvyayvhokvs!	eeyinn	2021-11-29 03:27:58	2021-11-29 03:27:58
10535057	mus	Vmvyoposket!	eeyinn	2021-11-29 03:28:11	2021-11-29 03:28:11
10535058	mus	Vmvyoposkvs!	eeyinn	2021-11-29 03:28:19	2021-11-29 03:28:19
10535059	mus	Este enhorrvt omēs.	eeyinn	2021-11-29 03:32:17	2021-11-29 03:32:17
10535060	mus	Matvpomēn makvs!	eeyinn	2021-11-29 03:34:42	2021-11-29 03:34:42
10535061	mus	Hvtvm makvs!	eeyinn	2021-11-29 03:34:57	2021-11-29 03:34:57
10535062	mus	Hoccicvs!	eeyinn	2021-11-29 03:35:46	2021-11-29 03:35:46
10535063	mus	Hoccicet!	eeyinn	2021-11-29 03:35:50	2021-11-29 03:35:50
10535064	mus	Coyvs!	eeyinn	2021-11-29 03:35:56	2021-11-29 03:35:56
10535065	mus	Coyet!	eeyinn	2021-11-29 03:36:00	2021-11-29 03:36:00
10535066	mus	Estonkon cok-hvyvtikv?	eeyinn	2021-11-29 03:36:48	2021-11-29 03:36:48
10535067	mus	Vlicehcvs.	eeyinn	2021-11-29 03:45:12	2021-11-29 03:45:12
10535068	mus	Vlicēcvs.	eeyinn	2021-11-29 03:45:19	2021-11-29 03:45:19
10535069	mus	Vlicēcet.	eeyinn	2021-11-29 03:45:28	2021-11-29 03:45:28
10535070	mus	Vhehcvs.	eeyinn	2021-11-29 03:46:33	2021-11-29 03:46:33
10535071	mus	Vhēcvs.	eeyinn	2021-11-29 03:46:42	2021-11-29 03:46:42
10535072	mus	Vhēcet.	eeyinn	2021-11-29 03:46:50	2021-11-29 03:46:50
10535073	mus	Vpelet.	eeyinn	2021-11-29 03:46:57	2021-11-29 03:46:57
10535074	mus	Vyoposket.	eeyinn	2021-11-29 03:48:01	2021-11-29 03:48:01
10535077	mus	E vketecet ayet!	eeyinn	2021-11-29 03:59:02	2021-11-29 03:59:02
10535078	mus	Cenkerret te?	eeyinn	2021-11-29 03:59:32	2021-11-29 03:59:32
10535079	mus	Cenkerrv?	eeyinn	2021-11-29 03:59:41	2021-11-29 03:59:41
10535080	mus	Momvhanis os!	eeyinn	2021-11-29 04:00:28	2021-11-29 04:00:28
10535081	mus	Svnwiket.	eeyinn	2021-11-29 04:04:03	2021-11-29 04:04:03
10535082	mus	Esvnwiket.	eeyinn	2021-11-29 04:04:43	2021-11-29 04:04:43
10535083	mus	Svnwikvs.	eeyinn	2021-11-29 04:04:47	2021-11-29 04:04:47
10535084	mus	Esvnwikvs.	eeyinn	2021-11-29 04:04:52	2021-11-29 04:04:52
10535085	mus	Svnwikepvs.	eeyinn	2021-11-29 04:05:03	2021-11-29 04:05:03
10535086	mus	Esvnwikepvs.	eeyinn	2021-11-29 04:05:09	2021-11-29 04:05:09
10535087	mus	Svnwikepet.	eeyinn	2021-11-29 04:05:24	2021-11-29 04:05:24
10535088	mus	Esvnwikepet.	eeyinn	2021-11-29 04:05:28	2021-11-29 04:05:28
10535089	mus	Vm mvttēt os.	eeyinn	2021-11-29 04:06:40	2021-11-29 04:06:40
10535090	mus	Vm mvttēt hueret omis.	eeyinn	2021-11-29 04:22:29	2021-11-29 04:22:29
10535091	mus	Vm mvttēt omvnks.	eeyinn	2021-11-29 04:23:22	2021-11-29 04:23:22
10535092	mus	Vm mvttēt on cemonayet omis.	eeyinn	2021-11-29 04:25:44	2021-11-29 04:25:44
10535093	mus	Herē mahēt os cē!	eeyinn	2021-11-29 04:27:20	2021-11-29 04:27:20
10535094	mus	Tayekot os.	eeyinn	2021-11-29 04:28:23	2021-11-29 04:28:23
10535095	mus	Fvccekot os.	eeyinn	2021-11-29 04:28:32	2021-11-29 04:28:32
10535096	mus	Hvtvm yekcet.	eeyinn	2021-11-29 04:29:25	2021-11-29 04:29:25
10535097	mus	Hvtvm cvyayvket!	eeyinn	2021-11-29 04:29:41	2021-11-29 04:29:41
10535098	mus	Tvlkēs cē!	eeyinn	2021-11-29 04:30:15	2021-11-29 04:31:52
10535099	mus	Momvhohkes.	eeyinn	2021-11-29 04:32:05	2021-11-29 04:32:05
10535100	mus	Naket te?	eeyinn	2021-11-29 04:32:27	2021-11-29 04:32:27
10535101	mus	Nak estomen omv?	eeyinn	2021-11-29 04:32:41	2021-11-29 04:32:41
10535102	mus	Esvnwiket...	eeyinn	2021-11-29 04:32:53	2021-11-29 04:32:53
10535116	mus	Sami-ke pomvnickvn eyacet os.	eeyinn	2021-11-29 04:44:00	2021-11-29 04:44:00
10535117	mus	Sami-ke pemvnickvn eyacet os.	eeyinn	2021-11-29 04:44:08	2021-11-29 04:44:08
10535121	mus	Pem vnakēcv emposucet pencvpofucen emvlostet os.	eeyinn	2021-11-29 04:48:15	2021-11-29 04:48:15
10535125	mus	Epocvkvyvhanet onko?	eeyinn	2021-11-29 04:49:46	2021-11-29 04:49:46
10535126	mus	Naken vkerriciyat cemonvyvhanin ceyacv?	eeyinn	2021-11-29 04:53:10	2021-11-29 04:53:10
10535127	mus	Mv hokte enkerrekvcoken.	eeyinn	2021-11-29 04:57:10	2021-11-29 04:57:10
10535130	mus	Yvkapet rarvhanis.	eeyinn	2021-11-29 04:58:27	2021-11-29 04:58:27
10535133	mus	Mv hoktet mometvn komvres mahkes.	eeyinn	2021-11-29 05:04:03	2021-11-29 05:04:03
10535135	mus	Hvtvm enpefatket ohmes.	eeyinn	2021-11-29 05:05:36	2021-11-29 05:05:36
10535137	mus	Hvtvm enpefatikēs.	eeyinn	2021-11-29 05:05:53	2021-11-29 05:05:53
10535139	mus	Vcvwolicet likecket tayes.	eeyinn	2021-11-29 05:08:53	2021-11-29 05:08:53
10535141	mus	Cencukofvn hvsvthicen cemvnicarēs.	eeyinn	2021-11-29 05:16:46	2021-11-29 05:16:46
10535143	mus	Tom-ke eyacekot os.	eeyinn	2021-11-29 05:16:57	2021-11-29 05:16:57
10535144	mus	Mv hokte tat vsi honvnwv ehiwvn estvmahet vhaket os.	eeyinn	2021-11-29 05:23:14	2021-11-29 05:23:14
10538851	mus	Posucet hoktucen ennucet os.	eeyinn	2021-12-01 13:36:31	2021-12-01 13:36:31
10540974	mus	Tom-ke cuko yopvn akopanet ohmes.	eeyinn	2021-12-02 16:16:50	2021-12-02 16:16:50
10540976	mus	Tom-ke cuko yopvn akopvhnes.	eeyinn	2021-12-02 16:16:57	2021-12-02 16:16:57
10541293	mus	Estvmahēs!	eeyinn	2021-12-02 18:59:13	2021-12-02 18:59:13
10541527	mus	Momecetvn escenhēret omvrēs.	eeyinn	2021-12-02 23:13:52	2021-12-02 23:15:09
10541528	mus	Mary-ke okat mucv tvcakuce momecetvn omē witēs maket omvnks.	eeyinn	2021-12-02 23:16:34	2021-12-02 23:16:34
10541543	mus	Ue homē catē esketvn ceyacv?	eeyinn	2021-12-02 23:47:54	2021-12-02 23:47:54
10541544	mus	Nak estomen vmepakket oman kerris.	eeyinn	2021-12-02 23:49:18	2021-12-02 23:49:18
10541588	mus	Naket estont omv?	eeyinn	2021-12-03 01:02:19	2021-12-03 01:02:19
10547542	mus	Estofvn Tom-ket yvhikv?	eeyinn	2021-12-06 14:37:52	2022-03-14 02:40:03
10551884	mus	Estvn vlicēciyat kerrē mahakot ǫs.	eeyinn	2021-12-09 02:13:35	2021-12-09 02:13:35
10593040	mus	Tom-ket hoktē ētvn eshopanet ǫs.	eeyinn	2021-12-30 04:47:05	2021-12-30 04:47:05
10593041	mus	Sasēt tę̄?	eeyinn	2021-12-30 04:47:27	2021-12-30 04:47:41
10593042	mus	Tom-ket lowakusēt o̜s.	eeyinn	2021-12-30 04:51:08	2021-12-30 04:51:08
10593261	mus	Mimvt omv?	eeyinn	2021-12-30 08:25:38	2021-12-30 08:25:38
10691222	mus	Mv neskv-cuko tempusan cvhēcket omvtēs.	eeyinn	2022-02-25 19:01:12	2022-02-25 19:01:12
10691228	mus	Momof Wvcenv Kvsappv, Lekothv horre etenhayē em oketvn mv horre este-catvke em ēkvnvn yohcēyvranof, este-catvke tekvpakvtēs.	eeyinn	2022-02-25 19:03:18	2022-02-25 19:03:18
10691238	mus	Honvntake vpvlwvt Kvsappv ensuletawv haken, vpvlwvt Lekothv ensuletawv haket omvtēs.	eeyinn	2022-02-25 19:06:01	2022-02-25 19:06:01
10691249	mus	Este-honvntake vculakat, hoktvke, hoktvlvke, hopuetakuce esyomat vpvlwvt Kvsvppof fvccvn vpēyen, vpvlwvt Lekothof fvccvn vpēyen cuko nake vtēhkat sulkēn wiket, em vpuekvo wikahket pefatket omvtēs.	eeyinn	2022-02-25 19:08:31	2022-02-25 19:08:31
10691251	mus	Cvpvwv ’svculat Lekothv ensuletawv hakvtēs.	eeyinn	2022-02-25 19:08:56	2022-02-25 19:08:56
10691268	mus	Horrē emoketvn Lekothof fvccvn ’svcvpēhoyvtēs, em enak-ockv vpvlwv wihket.	eeyinn	2022-02-25 19:13:27	2022-02-25 19:13:37
10691281	mus	Este sulkē tohkvlkēt vpēyen, este sulkat fekhoniyet vpoken, cvpuse tatēt echuswv cēpvnē hvmken ēyvpvyēt rasfuliket wakvn yesfulkvtēt omēs.	eeyinn	2022-02-25 19:16:01	2022-02-25 19:16:01
10691290	mus	Momen horre ofv penkvlkē em oketvt onkv, Kvsappv suletawv estvn vpoket monkat fullēpis ohmēs komat, cvrken honvntake ētv hokkolet vpaken vketēckvn vtothoyvtēs.	eeyinn	2022-02-25 19:17:16	2022-02-25 19:17:16
10691295	mus	Estehvpo-rakko enkvpahket hopvyēn vpēyet fullvtēs.	eeyinn	2022-02-25 19:18:17	2022-02-25 19:18:17
10691433	mus	Ēkvnv estvmvn cvrke ēlet omvtē kerrvkot os, momîs Cahtv ēkvnvt omē witvtēs.	eeyinn	2022-02-25 20:21:27	2022-02-25 20:21:27
10691454	mus	Cvrke kerrvko monken elēpvtēt omēs.	eeyinn	2022-02-25 20:30:02	2022-03-14 02:39:12
10692145	mus	Kērriyvntvs.	eeyinn	2022-02-26 05:10:16	2022-03-14 02:39:08
10692162	mus	Etopolokē cuko eshayvkvtē cuko ho̜lwahokusēn vpoket omeyvntvs.	eeyinn	2022-02-26 05:43:39	2022-02-26 05:43:39
10692164	mus	Momen mv oketv este estemerkvkēt fullet omēyvntvs.	eeyinn	2022-02-26 05:44:13	2022-02-26 05:44:23
10692167	mus	Mv omof, este-cate tat cufe vpeswv pvpetv tokot omēs makakvtēs.	eeyinn	2022-02-26 05:45:08	2022-03-14 02:38:27
10692170	mus	Monkv cufe-comottv ehvrpen neshoyēt omvcoken, cēpvnvke este vculvkē stomis cufe hopoyet pvsatat hvrpen encawet em vpeswv tat vpvlvthoyvntvs.	eeyinn	2022-02-26 05:47:14	2022-02-26 05:47:14
10692173	mus	Ohrolopē ostat senhoyvnusēn, hompetv sekon, accvkē tateu sekon, cēpvnvke em vculkv ohrolopē palē kolvpohkakat mahē em elecv ayat enatv̜ lkakuset fulleyvntvs.	eeyinn	2022-02-26 05:50:37	2022-02-26 05:50:37
10692175	mus	Momen mv horre herkv hahkof, pum ēkvnv raohfolēcēt eryiceyat Kvnēte vfopken vpoket omēyîs, hompetv seko accvkē sekat emonken, ohrolopē toccēnat mahe orvtēs.	eeyinn	2022-02-26 05:51:56	2022-02-26 05:51:56
10692177	mus	Vce tat lokcen hocet, taklike hayet, osafkeu hayet mvn hompet fullat, “Elvoko tat etehoyvnēcēs” komhoyvtēs.	eeyinn	2022-02-26 05:53:02	2022-02-26 05:53:02
10692179	mus	Momen wakv tis elēhocē-witat vpeswv wakv-nehat hēckvtēs.	eeyinn	2022-02-26 05:55:07	2022-02-26 21:53:26
10692181	mus	Oketv koco̜ knusat vpeswv hompvkē tayat eco, penwv omakat ta̜ yet omîs, eccv enrē, tohottowv, cvtolanuce omakat sa̜sēsekok estohmet ponvttv honecakat pvsatet homhopeko tayē oketvt omvtēt os.	eeyinn	2022-02-26 05:56:09	2022-02-26 05:56:09
10692183	mus	Momen fvllēckv maket ēkvnv co̜tkus-mahen vhocet, lokcicet, vyocet, enken nērkv sencawet esetekaskv esfvllēckv estarkv hēckekv, fvllēckv ’telekmicet polopokusēn hayet cvpuse tatēt fvllēcet vfoshonoke hayet solēcof.	eeyinn	2022-02-26 05:57:44	2022-02-26 21:53:05
10715895	mus	Naken mēceckvrēt oman cemonayetv komis.	eeyinn	2022-03-13 03:03:30	2022-03-13 03:03:30
10715902	mus	Hece eskiyvtēsekos.	eeyinn	2022-03-13 03:12:03	2022-03-13 03:12:03
10715903	mus	Tvpalv rakkon ayiyvtēsekos.	eeyinn	2022-03-13 03:14:01	2022-03-13 03:14:01
10716966	mus	Mimvn vpēyēyvtēsekos.	eeyinn	2022-03-13 16:51:27	2022-03-13 16:51:27
10716968	mus	Momēciyvtēsekos.	eeyinn	2022-03-13 16:52:10	2022-03-13 16:52:10
10717152	mus	Ecēnokēciyvtēsekos.	eeyinn	2022-03-13 18:47:12	2022-03-13 18:47:12
10717154	mus	Honvnwv momē hēciyvtēsekos.	eeyinn	2022-03-13 18:49:24	2022-03-13 18:49:24
10717157	mus	Makiyvtēsekos ce.	eeyinn	2022-03-13 18:51:16	2022-03-13 18:51:16
10717524	mus	Svmmon momēyonkot omemvts.	eeyinn	2022-03-14 02:18:38	2022-03-14 02:18:38
10717526	mus	Ǫmahucvn Tom-ket vpelvtēs.	eeyinn	2022-03-14 02:27:59	2022-03-14 02:27:59
10717528	mus	Ǫmahucan Tom-ket vpelēt omēs.	eeyinn	2022-03-14 02:31:13	2022-03-14 02:31:13
10717530	mus	Ǫmąhucan Tom-ket rvtvtakkēt omēs.	eeyinn	2022-03-14 02:33:55	2022-03-14 02:33:55
10718037	mus	Vmpvlēcvs ce.	eeyinn	2022-03-14 14:06:35	2022-03-14 14:06:35
10718039	mus	Vmepvlēcvs ce!	eeyinn	2022-03-14 14:06:57	2022-03-14 14:06:57
10718846	mus	Heyv rvrot hesakē monkv̨?	eeyinn	2022-03-14 21:55:41	2022-03-14 21:55:41
10718847	mus	Yv rvro wenakē monkv̨?	eeyinn	2022-03-14 21:55:57	2022-03-14 21:58:21
10720671	mus	Cencvpohyvkēs.	eeyinn	2022-03-15 23:14:22	2022-03-15 23:14:22
10720672	mus	Cencvpohyvkēt ǫs.	eeyinn	2022-03-15 23:14:32	2022-03-15 23:14:32
10720680	mus	Cik cvhocefkvt o̜s.	eeyinn	2022-03-15 23:22:52	2022-03-15 23:22:52
10720687	mus	Estonkon ayeckv?	eeyinn	2022-03-15 23:37:33	2022-03-15 23:37:33
10720688	mus	Estonkon welakackv?	eeyinn	2022-03-15 23:37:44	2022-03-15 23:37:44
10720689	mus	Estonkon fullackv?	eeyinn	2022-03-15 23:37:55	2022-03-15 23:37:55
10720699	mus	Nake cehocefkvt omv?	eeyinn	2022-03-15 23:44:19	2022-03-15 23:44:19
10720700	mus	Nake cehocefkvt tę?	eeyinn	2022-03-15 23:44:28	2022-03-15 23:44:28
10720706	mus	Estvmimvn vteckēt owv?	eeyinn	2022-03-15 23:47:51	2022-03-15 23:47:51
10720708	mus	Estvmin vteckēt owv?	eeyinn	2022-03-15 23:48:06	2022-03-15 23:48:06
10720709	mus	Estvmin vteckēt tę?	eeyinn	2022-03-15 23:48:19	2022-03-15 23:48:19
10720710	mus	Stvmin vteckēt tē?	eeyinn	2022-03-15 23:48:37	2022-03-15 23:48:37
10720711	mus	Stvn vteccv?	eeyinn	2022-03-15 23:48:52	2022-03-15 23:48:52
10720721	mus	Cehecarēs.	eeyinn	2022-03-15 23:55:55	2022-03-15 23:57:03
10720729	mus	Hompvkēts.	eeyinn	2022-03-15 23:59:15	2022-03-15 23:59:15
10720736	mus	Monks.	eeyinn	2022-03-16 00:08:34	2022-03-16 00:08:34
10720738	mus	Hvtvm makepvs.	eeyinn	2022-03-16 00:10:07	2022-03-16 00:10:07
10720739	mus	Hvtvm maket.	eeyinn	2022-03-16 00:10:14	2022-03-16 00:10:14
10720754	mus	Ecenokēciyēs.	eeyinn	2022-03-16 00:16:56	2022-03-16 00:16:56
10720755	mus	Ecenokēciyēt ǫs.	eeyinn	2022-03-16 00:17:03	2022-03-16 00:17:03
10720756	mus	Vnokeckvn cemociyēs.	eeyinn	2022-03-16 00:17:18	2022-03-16 00:17:18
10720758	mus	Mucv nettv hiyēt ǫs.	eeyinn	2022-03-16 00:19:05	2022-03-16 00:19:05
10720760	mus	Mucv nettv oskēt o̜s.	eeyinn	2022-03-16 00:21:46	2022-03-16 00:22:53
10720764	mus	Mucv nettv kvsvppēt o̜s.	eeyinn	2022-03-16 00:28:23	2022-03-16 00:28:23
10720767	mus	Cvlvwēt o̜s.	eeyinn	2022-03-16 00:31:31	2022-03-16 00:31:31
10720768	mus	Cvlvwēs.	eeyinn	2022-03-16 00:31:37	2022-03-16 00:31:37
10720774	mus	Elvwēs.	eeyinn	2022-03-16 00:48:30	2022-03-16 00:48:30
10720775	mus	Elvwēt os.	eeyinn	2022-03-16 00:48:38	2022-03-16 00:48:38
10720778	mus	Elvwēt o̜s.	eeyinn	2022-03-16 00:49:37	2022-03-16 00:49:37
10720781	mus	Estvmin ayecket owv?	eeyinn	2022-03-16 00:51:08	2022-03-16 00:51:08
10720782	mus	Estvn ayeckv?	eeyinn	2022-03-16 00:51:13	2022-03-16 00:51:13
10720783	mus	Stvn ayeccv?	eeyinn	2022-03-16 00:51:18	2022-03-16 00:51:18
10781853	mus	Tom-ket sareckeko tąyēs kǫwvrēs.	eeyinn	2022-04-23 23:15:53	2022-04-23 23:20:05
10781855	mus	Tom-ket sareckvrē temektvnēcekot ǫs.	eeyinn	2022-04-23 23:16:45	2022-04-23 23:16:45
10781857	mus	Tom svtofkeckvrē tektvnēcekos	eeyinn	2022-04-23 23:18:33	2022-04-23 23:18:33
10781858	mus	Tom svtohketskeko tąs kowvrēs.	eeyinn	2022-04-23 23:19:09	2022-04-23 23:20:40
10784050	mus	Mv hoktēt naken estomvnken kerrē tayēs.	eeyinn	2022-04-24 23:27:04	2022-07-15 00:34:51
10883883	mus	Cekicet cenlaksiyîs.	eeyinn	2022-06-02 23:45:20	2022-06-02 23:45:20
10990570	mus	Okat epoyetvn kont omēs kicvket ǫs.	eeyinn	2022-07-15 00:36:04	2022-07-15 00:36:04
10990573	mus	Mēcecke tayēn omat, naken Tom eyacan kerrepvs.	eeyinn	2022-07-15 00:37:25	2022-07-15 00:37:25
10990575	mus	Tom-ket senockv ofvn cvrvkvtēs.	eeyinn	2022-07-15 00:40:01	2022-07-15 00:40:01
10990577	mus	Hvtvm estvmimvn omv?	eeyinn	2022-07-15 00:40:34	2022-07-15 00:40:34
10990578	mus	Hvtv̨ stv̨?	eeyinn	2022-07-15 00:40:47	2022-07-15 00:40:47
10990579	mus	Hoktēt omis.	eeyinn	2022-07-15 00:40:57	2022-07-15 00:40:57
10990580	mus	Hoktēt owis.	eeyinn	2022-07-15 00:41:04	2022-07-15 00:41:04
10990581	mus	Hoktēt toyis.	eeyinn	2022-07-15 00:41:11	2022-07-15 00:41:11
10990586	mus	Yannē-ket enkvnv etvn liket ǫs.	eeyinn	2022-07-15 00:43:07	2022-07-15 00:43:15
10990587	mus	Yannē ēkvnv ētvn likēt os.	eeyinn	2022-07-15 00:43:22	2022-07-15 00:43:53
10990588	mus	"Cennahoriciyv?" "Monks ce, seko mahvn."	eeyinn	2022-07-15 00:45:16	2022-07-15 00:45:16
10990590	mus	Ehvpo ofvn vpokēt o̜s, mvt onko?	eeyinn	2022-07-15 00:45:52	2022-07-15 00:45:52
10990598	mus	Tom esrvhet wikekvtēs.	eeyinn	2022-07-15 00:54:15	2022-07-15 00:54:15
11800633	mus	Tayeko.	eeyinn	2023-05-28 19:32:20	2023-05-28 19:32:20
11804231	mus	Nak-estowen, okeckv?	eeyinn	2023-05-30 02:51:34	2023-05-30 02:51:34
11804233	mus	Estvmahēs cē!	eeyinn	2023-05-30 02:52:33	2023-05-30 02:52:33
11804234	mus	Herē mahēs cē!	eeyinn	2023-05-30 02:52:53	2023-05-30 02:52:53
11808864	mus	Likepvs.	eeyinn	2023-05-31 02:24:25	2023-05-31 02:24:25
11808930	mus	Mowvcoks.	eeyinn	2023-05-31 03:04:20	2023-05-31 03:04:20
11808947	mus	Vketēcvs ca!	eeyinn	2023-05-31 03:15:11	2023-05-31 03:15:11
11808948	mus	Celusats!	eeyinn	2023-05-31 03:17:08	2023-05-31 03:17:08
11808949	mus	Mowēt?	eeyinn	2023-05-31 03:17:21	2023-05-31 03:17:21
12186298	mus	Vcapuehcet cehehcis.	eeyinn	2023-11-30 00:56:27	2023-11-30 00:56:27
12186834	mus	Cennakcokv mocvsen afv̨ckuset hocefēciyîs.	eeyinn	2023-11-30 12:44:06	2023-11-30 12:44:06
12187514	mus	‘Stehompicvkeckat ǫs ca.	eeyinn	2023-11-30 21:38:47	2023-11-30 21:38:47
12187523	mus	Cenhuehkēyvrēs makakvnks.	eeyinn	2023-11-30 21:41:11	2023-11-30 21:41:11
12270998	mus	Coyetvn kêrreckv?	eeyinn	2024-01-17 01:08:02	2024-01-17 01:11:58
12270999	mus	Hoccicetvn kêrreckv?	eeyinn	2024-01-17 01:08:17	2024-01-17 01:12:18
12379250	mus	Naket epenkvlēcvcokvnks.	eeyinn	2024-03-19 18:09:09	2024-03-19 18:09:09
12379252	mus	Nake penkvlēcat tvlkēs.	eeyinn	2024-03-19 18:09:28	2024-03-19 18:09:28
12379322	mus	Iepomvnicvrēs kont owemvts.	eeyinn	2024-03-19 18:49:01	2024-03-19 18:49:01
12380901	mus	Cvcapakkēcekot, cvcvpakkēn owat cenhērekus cv.	eeyinn	2024-03-20 22:58:13	2024-03-20 22:58:13
12380903	mus	Boston-ken yefolkvhant owis.	eeyinn	2024-03-20 22:58:57	2024-03-20 22:58:57
12380907	mus	Vmposucen encvyacēt os cē!	eeyinn	2024-03-20 23:00:27	2024-03-20 23:00:27
12380913	mus	Damiano-ken hehcvhohket owemvts.	eeyinn	2024-03-20 23:04:26	2024-03-20 23:04:26
12380914	mus	Damiano-ke hvlvthohyvhohket owemvts.	eeyinn	2024-03-20 23:04:58	2024-03-20 23:04:58
12380916	mus	Damiano-ket ayen cvkhohkvhohket owemvts.	eeyinn	2024-03-20 23:06:43	2024-03-20 23:06:43
12381409	mus	Tom-ket cehopoyetvn vyēpet ǫs.	eeyinn	2024-03-21 14:26:05	2024-03-21 14:26:05
12381413	mus	Tom’ket "fettvn arēt ǫ" kont ǫs.	eeyinn	2024-03-21 14:30:26	2024-03-21 14:30:26
12397588	mus	Cvtvckan vntvkanēpet os.	eeyinn	2024-04-01 23:22:29	2024-04-01 23:22:29
12397590	mus	Hvtą homhopeko tayēs makaket os.	eeyinn	2024-04-01 23:24:02	2024-04-01 23:24:02
12397592	mus	Ziri-ket Algeria-ke min vnlikvhanet os.	eeyinn	2024-04-01 23:24:55	2024-04-01 23:25:39
12397595	mus	Momecvkis estonhkos.	eeyinn	2024-04-01 23:30:23	2024-04-01 23:30:23
13364822	mus	Arin Tom-ket cvheceko hayē owēt art on hēciyis.	eeyinn	2025-07-24 19:18:19	2025-07-24 23:30:56
13365358	mus	Pofeknokhǫnkust owis.	eeyinn	2025-07-24 23:48:55	2025-07-24 23:48:55
13365379	mus	Momof Tom-ket wonwoket fērt owîs.	eeyinn	2025-07-24 23:53:38	2025-07-24 23:53:38
13365383	mus	Naken estomen emonayiyîs.	eeyinn	2025-07-24 23:54:52	2025-07-24 23:54:52
13365393	mus	Ē oket okeckv?	eeyinn	2025-07-24 23:58:42	2025-07-24 23:58:42
13365395	mus	Orepvhaneckat vmonvyecken.	eeyinn	2025-07-24 23:59:49	2025-07-24 23:59:49
13367085	mus	Hetuticvs.	eeyinn	2025-07-25 23:06:36	2025-07-25 23:06:36
13380608	mus	Ohyekcicekon ste temponayit os kont onckv?	eeyinn	2025-08-02 02:51:15	2025-08-02 02:51:15
13563395	mus	Cvcket mekosvpkvn ohvkvsamēt os.	eeyinn	2025-11-06 03:53:28	2025-11-06 03:53:28
13563398	mus	Miles-ke vpelēt os.	eeyinn	2025-11-06 03:54:07	2025-11-06 03:54:07
13563400	mus	Cewvnwvn emehakvs.	eeyinn	2025-11-06 03:55:29	2025-11-06 03:55:29
13563404	mus	Cewvnwvn emehakvhaneckēt ont os.	eeyinn	2025-11-06 03:56:32	2025-11-06 03:56:32
13563405	mus	Cewvnwvn emehaket owvccvs.	eeyinn	2025-11-06 03:56:42	2025-11-06 03:56:42
