337818	que	Cafetachu tetachu munanki?	cwil	2009-11-08 05:39:11	2010-09-11 19:00:27
532200	que	Lliw runakunam paqarisqanchikmantapacha qispisqa kanchik, lliw chayaqinchikpipas kaqllataqmi sapakamanchikpa kanan. Yuyayniyuq kasqanchikraykum hawkalla aylluntinhina kawsayta atinanchik llapa runakunawan.	Wayra	2010-09-25 09:37:01	2017-07-23 06:46:55
773307	que	Warmiyuq kankichu?	marloncori	2011-02-28 03:55:29	2011-02-28 03:55:36
773308	que	Qusayuq kankichu?	marloncori	2011-02-28 03:55:55	2011-03-01 06:02:44
773309	que	Runas wasinman rin.	marloncori	2011-02-28 03:56:35	2011-02-28 03:56:45
773311	que	Unqusqa runa kani.	marloncori	2011-02-28 03:57:35	2011-02-28 03:57:49
773313	que	.Unqusqa runa kasani	marloncori	2011-02-28 03:58:28	2012-08-13 03:07:37
773315	que	Utkayta rimaptiyki, mana hapiyta yachanichu.	marloncori	2011-02-28 04:00:21	2011-02-28 04:00:21
773317	que	Samayta munasani.	marloncori	2011-02-28 04:01:37	2011-02-28 04:01:37
773318	que	Mikuyta munasani.	marloncori	2011-02-28 04:02:25	2011-02-28 16:03:11
773322	que	Mikuyta munankichu?	marloncori	2011-02-28 04:06:39	2011-03-01 05:58:57
773325	que	Yachakusani runasimita.	marloncori	2011-02-28 04:08:21	2011-02-28 04:08:21
773335	que	Payqa suni.	marloncori	2011-02-28 04:17:48	2011-02-28 04:17:48
773337	que	Paykunaqa hatun.	marloncori	2011-02-28 04:18:56	2011-02-28 04:19:05
773339	que	Paykunaqa suni kankuchu?	marloncori	2011-02-28 04:21:36	2011-02-28 04:21:36
773341	que	Unu kanchu?	marloncori	2011-02-28 04:22:13	2011-02-28 04:22:13
773343	que	Kuñi unu kanchu?	marloncori	2011-02-28 04:22:51	2011-02-28 04:22:51
773345	que	Kay runa Pidrum.	marloncori	2011-02-28 04:23:41	2011-02-28 04:23:41
773347	que	Chay runaqa Raulmi.	marloncori	2011-02-28 04:24:27	2011-02-28 04:24:27
773349	que	Kaynihpi huk mikhuy wasichu kan?	marloncori	2011-02-28 04:25:58	2011-02-28 04:25:58
773351	que	Pitaq chay runa?	marloncori	2011-02-28 04:27:15	2011-02-28 04:27:15
773352	que	Pitaq kay runa?	marloncori	2011-02-28 04:28:04	2011-02-28 04:28:04
773354	que	Maynintataq chay ñan rin?	marloncori	2011-02-28 04:28:48	2011-02-28 04:28:48
773356	que	Imataq kay?	marloncori	2011-02-28 04:30:23	2011-02-28 04:30:23
773357	que	Imataq chay?	marloncori	2011-02-28 04:30:58	2011-02-28 04:30:58
773358	que	Imataq hakay?	marloncori	2011-02-28 04:31:28	2011-02-28 04:31:28
773360	que	Imay urataq hamun?	marloncori	2011-02-28 04:32:29	2011-02-28 04:32:29
773364	que	Pitaq Pidru?	marloncori	2011-02-28 04:34:48	2011-02-28 04:34:48
773366	que	Maychika sibulla?	marloncori	2011-02-28 04:35:27	2011-02-28 04:35:27
773368	que	Pitaq kankichu?	marloncori	2011-02-28 04:37:40	2011-02-28 04:37:40
773375	que	Mana warmiyuq kanichu.	marloncori	2011-02-28 04:45:14	2011-02-28 04:45:14
773377	que	Arí, warmiyuq kani.	marloncori	2011-02-28 04:45:55	2011-02-28 04:45:55
773379	que	Warmakunayuq kankichu?	marloncori	2011-02-28 04:46:52	2011-02-28 04:46:52
773383	que	Hayka warmakunayuq kankichu?	marloncori	2011-02-28 04:52:37	2011-02-28 04:52:37
773384	que	Kamayuq kankichu?	marloncori	2011-02-28 04:53:30	2011-02-28 04:53:30
773386	que	Llaqtakamayuq kankichu?	marloncori	2011-02-28 04:54:29	2011-02-28 04:54:29
773388	que	Noqapaq wasiy kasan.	marloncori	2011-02-28 04:56:13	2011-02-28 05:25:23
773394	que	Mesay kapuwan.	marloncori	2011-02-28 04:58:52	2011-02-28 04:58:52
773396	que	Mesayki kanchu?	marloncori	2011-02-28 05:00:08	2011-02-28 05:00:08
773398	que	Tupananchis.	marloncori	2011-02-28 05:01:38	2011-02-28 05:01:38
773400	que	Tupananchiskama, Sayoko.	marloncori	2011-02-28 05:03:34	2011-02-28 05:03:34
773401	que	Rimaykullayki, John! Allillanchu?	marloncori	2011-02-28 05:08:55	2011-02-28 05:54:40
773402	que	Siskuq chakranpiqa rurushansi kiwña.	marloncori	2011-02-28 05:09:24	2011-02-28 05:09:24
773404	que	Runasimita ancha sumaqta rimasanki.	marloncori	2011-02-28 05:12:52	2011-02-28 05:12:52
773406	que	Bakayni kuruyan ukutinpi.	marloncori	2011-02-28 05:18:56	2011-02-28 05:18:56
773408	que	Qecha onqoywan kashani.	marloncori	2011-02-28 05:19:35	2011-03-01 05:56:27
773410	que	Tayta Wayllaqawaqa karpintirus.	marloncori	2011-02-28 05:20:51	2011-02-28 05:20:51
773412	que	Alqoqa qarita kachuran.	marloncori	2011-02-28 05:21:56	2011-02-28 05:21:56
773414	que	Alqo qaritaqa kachuran.	marloncori	2011-02-28 05:23:00	2011-02-28 05:23:00
773416	que	Noqapaq hatun wasiy kasan.	marloncori	2011-02-28 05:25:48	2011-02-28 05:27:03
773418	que	Noqapaq wasikunatay kasan.	marloncori	2011-02-28 05:27:18	2011-02-28 05:28:33
773420	que	Noqapaq hatun wasikunatay kasan.	marloncori	2011-02-28 05:28:40	2011-02-28 05:28:40
773422	que	Chay wasiykichu?	marloncori	2011-02-28 05:31:15	2011-02-28 05:31:15
773424	que	Arí, chayqa wasiy.	marloncori	2011-02-28 05:31:52	2011-02-28 05:32:28
773426	que	Chayqa, mana wasiychu kan.	marloncori	2011-02-28 05:32:43	2011-02-28 05:32:43
773428	que	Llamachu?	marloncori	2011-02-28 05:33:49	2011-02-28 05:33:49
773430	que	Mana qamwan riyta munasanichu.	marloncori	2011-02-28 05:34:30	2011-02-28 05:34:30
773432	que	Mana qamwanchu riyta munasani.	marloncori	2011-02-28 05:35:07	2011-02-28 05:35:07
773434	que	Ustadus Unidusmanta hamusankichu?	marloncori	2011-02-28 05:36:09	2011-02-28 05:36:09
773436	que	Mana, noqaqa mana Ustadus Unidusmanta hamusanichu.	marloncori	2011-02-28 05:37:15	2011-02-28 05:37:15
773438	que	Holandamanta hamusani.	marloncori	2011-02-28 05:38:07	2011-02-28 05:38:07
773440	que	Wasiymanta hamusani.	marloncori	2011-02-28 05:39:06	2011-02-28 05:40:30
773442	que	Noqaqa mana wasiymanta hamusanichu.	marloncori	2011-02-28 05:40:09	2011-02-28 05:40:34
773444	que	Munasani wasiyta.	marloncori	2011-02-28 05:41:17	2011-02-28 05:41:17
773446	que	Haku wasiyta!	marloncori	2011-02-28 05:41:41	2011-02-28 05:41:41
773448	que	Wasiykiman risani.	marloncori	2011-02-28 05:43:35	2011-02-28 05:43:35
773449	que	Mana wasiykiman risanichu.	marloncori	2011-02-28 05:44:09	2011-02-28 05:44:09
773452	que	Noqaqa waiyman risani.	marloncori	2011-02-28 05:45:06	2011-02-28 05:45:06
773454	que	Wasinchisman risun.	marloncori	2011-02-28 05:46:42	2011-02-28 05:46:42
773456	que	Rimaspay runasimita warma hina kasani.	marloncori	2011-02-28 05:47:32	2011-02-28 05:47:32
773458	que	Tapuykuykimanchu? Allichu, allillanmanta rimaykuychis!	marloncori	2011-02-28 05:50:46	2011-02-28 05:50:46
773460	que	Allillanchu, Mike?	marloncori	2011-02-28 05:56:44	2011-02-28 05:56:44
773461	que	Imaynataq kasanki, Mike?	marloncori	2011-02-28 05:57:17	2011-02-28 05:57:17
773462	que	Imaynallataq kasanki, Mike?	marloncori	2011-02-28 05:57:40	2011-02-28 05:57:40
773463	que	Allillanmi.	marloncori	2011-02-28 05:59:48	2011-02-28 05:59:48
773464	que	Allillanpuni kasani.	marloncori	2011-02-28 06:00:08	2011-02-28 06:00:08
773465	que	Walehllanpuni kasani.	marloncori	2011-02-28 06:00:53	2011-02-28 06:00:53
773466	que	Ima sutiyki?	marloncori	2011-02-28 06:01:40	2011-02-28 06:01:40
773467	que	Jack sutiy.	marloncori	2011-02-28 06:02:26	2011-02-28 06:02:26
773468	que	Imamantataq hamunki?	marloncori	2011-02-28 06:03:14	2011-02-28 06:03:14
773469	que	Imapi tianki?	marloncori	2011-02-28 06:04:07	2011-02-28 06:04:07
773470	que	Tiani hutilpi Sheraton sutin.	marloncori	2011-02-28 06:05:08	2011-02-28 06:05:08
773471	que	Turiyuq kankichu, Ana?	marloncori	2011-02-28 06:06:31	2011-02-28 06:08:15
773473	que	Wawkeyuq kankichu, Pidru?	marloncori	2011-02-28 06:07:48	2011-02-28 06:08:07
773475	que	Paniyuq kankichu, Juan?	marloncori	2011-02-28 06:09:14	2011-02-28 06:10:20
773477	que	Ñañayuq kankichu, Lucia?	marloncori	2011-02-28 06:10:11	2011-02-28 06:10:35
773479	que	Pidruqa mana paniyuq kanchu.	marloncori	2011-02-28 06:13:49	2011-02-28 06:13:49
773481	que	Juanqa mana wawkeyuq kanchu.	marloncori	2011-02-28 06:14:50	2011-02-28 06:14:50
773483	que	Luciaqa mana turiyuq kanchu.	marloncori	2011-02-28 06:15:41	2011-02-28 06:15:41
773485	que	Anaqa mana ñañayuq kanchu.	marloncori	2011-02-28 06:16:36	2011-02-28 06:16:55
773487	que	Lópezqa tawa wawkenkunayuq kan.	marloncori	2011-02-28 06:18:06	2011-02-28 06:21:02
773489	que	Juanitoqa tawa paninkunayuq kan.	marloncori	2011-02-28 06:21:19	2011-02-28 06:21:19
773491	que	Doloresqa tawa ñañankunayuq kan.	marloncori	2011-02-28 06:22:21	2011-02-28 06:23:52
773493	que	Maríaqa tawa turinkunayuq kan.	marloncori	2011-02-28 06:23:54	2011-02-28 06:23:54
773495	que	Turiykunayuq kani.	marloncori	2011-02-28 06:24:46	2011-02-28 06:24:46
773496	que	Wawkeykunayuq kani.	marloncori	2011-02-28 06:25:10	2011-02-28 06:25:10
773497	que	Noqa turiykanyuq kani.	marloncori	2011-02-28 06:25:48	2011-02-28 06:25:48
773498	que	Noqa wawkeykunayuq kani.	marloncori	2011-02-28 06:26:31	2011-02-28 06:26:31
773499	que	Paniykunayuq kani.	marloncori	2011-02-28 06:26:55	2011-02-28 06:28:53
773500	que	Ñañaykunayuq kani.	marloncori	2011-02-28 06:27:13	2011-02-28 06:27:13
773501	que	Noqa ñañaykunayuq kani.	marloncori	2011-02-28 06:27:28	2011-02-28 06:27:28
773502	que	Noqa paniykunayuq kani.	marloncori	2011-02-28 06:27:40	2011-02-28 06:27:40
773505	que	Mana paniyuq kanichu.	marloncori	2011-02-28 06:29:11	2011-02-28 06:29:11
773506	que	Mana ñañayuq kanichu.	marloncori	2011-02-28 06:29:33	2011-02-28 06:29:33
773507	que	Noqaqa mana ñañayuq kanichu.	marloncori	2011-02-28 06:29:43	2011-02-28 06:30:07
773508	que	Noqaqa mana paniyuq kanichu.	marloncori	2011-02-28 06:30:02	2011-02-28 06:30:02
773509	que	Mana turiyuq kanichu.	marloncori	2011-02-28 06:30:22	2011-02-28 06:32:47
773510	que	Mana wawkeyuq kanichu.	marloncori	2011-02-28 06:30:45	2011-02-28 06:30:45
773511	que	Noqaqa mana wawkeyuq kanichu.	marloncori	2011-02-28 06:31:00	2011-02-28 06:31:12
773513	que	Noqaqa mana turiyuq kanichu.	marloncori	2011-02-28 06:32:58	2011-02-28 06:32:58
773515	que	Mana tawa turiykunayuq kanichu.	marloncori	2011-02-28 06:33:46	2011-02-28 06:33:46
773516	que	Mana tawa wawkeykunayuq kanichu.	marloncori	2011-02-28 06:34:15	2011-02-28 06:34:15
773517	que	Noqaqa mana tawa turiykunayuq kanichu.	marloncori	2011-02-28 06:34:39	2011-02-28 06:34:39
773518	que	Noqaqa mana tawa wawkeykunayuq kanichu.	marloncori	2011-02-28 06:35:04	2011-02-28 06:35:04
773519	que	Mana tawa ñañaykunayuq kanichu.	marloncori	2011-02-28 06:35:19	2011-02-28 06:35:19
773520	que	Mana tawa paniykunayuq kanichu.	marloncori	2011-02-28 06:35:45	2011-02-28 06:35:45
773521	que	Noqaqa mana tawa paniykunayuq kanichu.	marloncori	2011-02-28 06:36:00	2011-02-28 06:36:00
773522	que	Noqaqa mana tawa ñañaykunayuq kanichu.	marloncori	2011-02-28 06:36:22	2011-02-28 06:36:22
773525	que	Huk ratukama!	marloncori	2011-02-28 06:38:12	2011-02-28 06:38:12
773527	que	Paqarinkama.	marloncori	2011-02-28 06:39:15	2011-02-28 06:39:15
773528	que	Qhayakama.	marloncori	2011-02-28 06:39:29	2011-02-28 06:39:29
773530	que	Huk kutikama!	marloncori	2011-02-28 06:41:42	2011-02-28 06:41:42
773533	que	Tupananchiskama!	marloncori	2011-02-28 06:42:25	2011-02-28 06:42:25
773541	que	Kusikusani reqsisuspay.	marloncori	2011-02-28 06:52:08	2011-02-28 06:52:08
773542	que	Kusikusankichu reqsisuspawanki?	marloncori	2011-02-28 06:52:51	2011-02-28 06:52:51
773544	que	Munayki.	marloncori	2011-02-28 06:54:37	2011-02-28 06:54:37
773545	que	Arí, munawanki.	marloncori	2011-02-28 06:55:33	2011-02-28 06:55:33
773547	que	Wasitaqa qupuyki.	marloncori	2011-02-28 06:58:18	2011-02-28 07:09:53
773549	que	Wasitaqa qupuwanki.	marloncori	2011-02-28 06:59:04	2011-02-28 07:09:35
773551	que	Uyariyki.	marloncori	2011-02-28 07:01:16	2011-02-28 07:01:16
773553	que	Uyariwanki.	marloncori	2011-02-28 07:01:38	2011-02-28 07:01:38
773555	que	Kusikuni kaypi kasanki.	marloncori	2011-02-28 07:02:22	2011-02-28 07:02:22
773557	que	Kusikuni kaypi kasankichis.	marloncori	2011-02-28 07:02:35	2011-02-28 07:02:35
773560	que	Noqaqa kusikusani kaypi kasani.	marloncori	2011-02-28 07:03:36	2011-02-28 07:03:36
773562	que	Ruwayta munayman haywarisqata.	marloncori	2011-02-28 07:05:27	2011-02-28 07:07:12
773563	que	Ruwayta munaykiman haywarisqata.	marloncori	2011-02-28 07:05:44	2011-02-28 07:07:00
773569	que	Chay hinaqa apukuna noqapah rimanqaku.	marloncori	2011-02-28 07:08:30	2011-02-28 07:08:30
773575	que	Kuyawankichu?	marloncori	2011-02-28 07:13:32	2011-02-28 07:13:32
773576	que	Wayllusankichu allochallaykita?	marloncori	2011-02-28 07:13:57	2011-02-28 07:13:57
773580	que	Arí, haku!	marloncori	2011-02-28 07:16:12	2011-02-28 07:16:12
773581	que	Arí, hakunchis!	marloncori	2011-02-28 07:16:26	2011-02-28 07:16:26
773583	que	Ama hamuychu.	marloncori	2011-02-28 07:17:57	2011-02-28 07:17:57
773586	que	Ama riychischu.	marloncori	2011-02-28 07:19:19	2011-02-28 07:19:19
773588	que	Ama pukllasunchu.	marloncori	2011-02-28 07:19:46	2011-02-28 07:19:46
773592	que	Warmakunaqa pukllachunku!	marloncori	2011-02-28 07:20:31	2011-02-28 07:20:31
773594	que	Warmakunaqa hamuchun!	marloncori	2011-02-28 07:20:56	2011-02-28 07:20:56
773595	que	Runakunaqa hamusan.	marloncori	2011-02-28 07:21:12	2011-03-01 05:54:22
774850	que	Chayqa mana hatun wasiychu kan.	marloncori	2011-03-01 06:09:26	2011-03-01 06:09:26
774852	que	Chay hatun wasiykichu?	marloncori	2011-03-01 06:10:44	2011-03-01 06:10:44
774853	que	Chay hatun wasikunaykichu?	marloncori	2011-03-01 06:11:02	2011-03-01 06:11:02
774856	que	Iskay warmikuna takisanku.	marloncori	2011-03-01 06:17:15	2011-03-01 06:17:15
774857	que	Iskay warmi takisanku.	marloncori	2011-03-01 06:17:31	2011-03-01 06:19:07
774859	que	Tawa runakuna takisanku.	marloncori	2011-03-01 06:18:15	2011-03-01 06:18:15
774860	que	Tawa runa takisanku.	marloncori	2011-03-01 06:18:26	2011-03-01 06:18:26
774862	que	Hakay runaqa Pidrum.	marloncori	2011-03-01 06:20:40	2011-03-01 06:20:40
774863	que	Hakay warmiqa Anam.	marloncori	2011-03-01 06:20:58	2011-03-01 06:20:58
774864	que	Hakay warmi Anam.	marloncori	2011-03-01 06:21:10	2011-03-01 06:21:10
774865	que	Hakay runa Pidrum.	marloncori	2011-03-01 06:21:21	2011-03-01 06:21:21
774868	que	Payta munani.	marloncori	2011-03-01 06:27:04	2011-03-01 06:27:04
774869	que	Paykunata quyman.	marloncori	2011-03-01 06:27:17	2011-03-01 06:27:17
774872	que	Yachakuni runasimita.	marloncori	2011-03-01 06:29:09	2011-03-01 06:29:09
774873	que	Mayllakuyta munasani.	marloncori	2011-03-01 06:29:32	2011-03-01 06:29:32
774876	que	Mana uyarikuyta atinichu!	marloncori	2011-03-01 06:30:38	2011-03-01 06:30:38
774877	que	Paramusan.	marloncori	2011-03-01 06:31:29	2011-03-01 06:31:29
774878	que	Ritimusan.	marloncori	2011-03-01 06:32:00	2011-03-01 06:32:00
774879	que	Paran.	marloncori	2011-03-01 06:32:11	2011-03-01 06:32:11
774880	que	Ritin.	marloncori	2011-03-01 06:34:05	2011-03-01 06:34:05
774881	que	Parasan.	marloncori	2011-03-01 06:34:20	2011-03-01 06:34:20
774882	que	Ritisan.	marloncori	2011-03-01 06:34:30	2011-03-01 06:34:30
774883	que	Llaqtapi yachani.	marloncori	2011-03-01 06:35:13	2011-03-01 06:35:13
774884	que	Llaqtachapi yachani.	marloncori	2011-03-01 06:35:57	2011-03-01 06:35:57
774894	que	Llaqtapi yachasani.	marloncori	2011-03-01 06:39:19	2011-03-01 06:39:19
774895	que	Llaqtachapi yachasani.	marloncori	2011-03-01 06:39:33	2011-03-01 06:41:15
774898	que	Llaqtapi yachayta munasani.	marloncori	2011-03-01 06:40:44	2011-03-01 06:41:22
774899	que	Llaqtachapi yachayta munasani.	marloncori	2011-03-01 06:41:05	2011-03-01 06:41:30
774902	que	Hatun llaqtapi yachayta munasani.	marloncori	2011-03-01 06:42:20	2011-03-01 06:42:20
774904	que	Mariawan, Marcelinawan, tayta Husiymi llaqtaman risanku.	marloncori	2011-03-01 06:44:02	2011-03-01 06:44:02
774906	que	Mariawan, Marcelinawan, tayta Husiymi llaqtaman riyta munasanku.	marloncori	2011-03-01 06:45:04	2011-03-01 06:45:04
774908	que	Kutimuptinku risaq.	marloncori	2011-03-01 06:47:27	2011-03-01 06:47:27
774909	que	Munaptiyki kutimusaq.	marloncori	2011-03-01 06:48:03	2011-03-01 06:48:32
774912	que	Utkayta rimaptiyki, hapiyta yachani.	marloncori	2011-03-01 06:49:59	2011-03-01 06:49:59
774913	que	Rimaptiyku runasimita, Cuscopi runakuna kusikunku.	marloncori	2011-03-01 06:50:28	2011-03-01 06:50:28
774916	que	Waqasaptin llakikurqani.	marloncori	2011-03-01 06:52:00	2011-03-01 06:52:00
774918	que	Wañuptiy, pitaq waqanqa?	marloncori	2011-03-01 06:53:09	2011-03-01 06:53:09
774920	que	Rimaspay runasimita kusikuni.	marloncori	2011-03-01 06:54:11	2011-03-01 06:54:11
774922	que	Runasimita yachaspayki, imatataq ruwanki?	marloncori	2011-03-01 06:55:10	2011-03-01 06:55:10
774924	que	Puristin takisani.	marloncori	2011-03-01 06:56:27	2011-03-01 06:56:27
774926	que	Waqastin mikusarqaniku.	marloncori	2011-03-01 06:57:04	2011-03-01 06:57:04
774928	que	Qam munaptiykiqa, ruwasaq.	marloncori	2011-03-01 06:58:07	2011-03-01 06:58:07
774929	que	Runasimita yachakusqa tukuspaqa, imatataq ruwasaq?	marloncori	2011-03-01 06:58:42	2011-03-01 06:58:42
774932	que	Niptinmi, ruwasaq.	marloncori	2011-03-01 07:00:10	2011-03-01 07:00:10
774934	que	Niptinmi manachu ruwankiman?	marloncori	2011-03-01 07:01:01	2011-03-01 07:01:01
774936	que	Niptiypas, mana ruwankichu.	marloncori	2011-03-01 07:02:28	2011-03-01 07:02:28
774938	que	Nispapas, ruwanqa.	marloncori	2011-03-01 07:03:23	2011-03-01 07:03:23
774940	que	Takikusaq samanankama.	marloncori	2011-03-01 07:04:19	2011-03-01 07:04:19
774942	que	Takikusankama tiakusaq.	marloncori	2011-03-01 07:05:05	2011-03-01 07:05:54
774944	que	Ashka yachakunanrayku Limata rirqa.	marloncori	2011-03-01 07:06:12	2011-03-01 07:06:12
774946	que	Hamurani willawanaykirayku.	marloncori	2011-03-01 07:07:22	2011-03-01 07:07:22
774948	que	Rimasanku takinankupaq.	marloncori	2011-03-01 07:08:09	2011-03-01 07:08:09
774950	que	Takisani kawsanaypaq.	marloncori	2011-03-01 07:09:03	2011-03-01 07:09:03
774952	que	Yachakusani rimanaypaq runasimita.	marloncori	2011-03-01 07:09:48	2011-03-01 07:09:48
774954	que	Llamkasani yachanaykipaq runasimita.	marloncori	2011-03-01 07:10:40	2011-03-01 07:10:40
774956	que	Mana llamkasanichu samanaykipaq punchawnintin!	marloncori	2011-03-01 07:11:25	2011-03-01 07:12:23
774958	que	Asisani kusikunaykipaq.	marloncori	2011-03-01 07:12:37	2011-03-01 07:12:37
775281	que	Much’ananayakapushasqakupuniñataqsunamá.	marloncori	2011-03-01 15:20:01	2011-04-12 02:54:40
1215609	que	Pacha mama.	wallebot	2011-11-03 21:44:25	2012-01-07 16:28:32
2264829	que	Zombi kani.	Wayra	2013-02-27 17:58:11	2017-07-23 07:43:48
2842360	que	Runasimita yachakuni.	Wayra	2013-11-11 05:54:46	2017-07-23 06:47:12
2842363	que	Qhichwa simita yachakuni.	Wayra	2013-11-11 05:56:44	2017-07-23 06:47:17
2842413	que	Kusikunaykipaq asichkani.	Wayra	2013-11-11 06:39:02	2017-07-23 06:47:18
2868671	que	Mishikakunaqa Nawa simita rimarqanku.	Wayra	2013-11-21 23:00:34	2017-07-23 06:47:20
2868810	que	Makllu munaq chayka, chaypim usupanqa.	Wayra	2013-11-21 23:27:13	2017-07-23 06:47:23
2871438	que	"Hayk'a watayuqmi kanki?" "Chunka suqtayuq watayuqmi kani."	Wayra	2013-11-23 00:59:51	2017-07-23 06:47:24
2871440	que	"Hayk'a watayuqmi kanki?" "16 watayuqmi kani."	Wayra	2013-11-23 01:00:26	2017-07-23 06:47:25
2871446	que	"Imaynallam kachkanki?" "Allillanmi, añayki."	Wayra	2013-11-23 01:08:46	2017-07-23 06:47:33
2871449	que	Riqsinakuymanta anchatam kusikuni.	Killari	2013-11-23 01:10:41	2018-09-20 16:36:07
2871453	que	Nihun shimita rimankichu?	Juanpa	2013-11-23 01:15:34	2018-10-04 20:56:48
2871719	que	Mikhuq kusikun puñuq kusikun.	Wayra	2013-11-23 05:24:41	2017-07-23 07:44:09
2871726	que	Michikuna ancha ch'uya uywam.	Wayra	2013-11-23 05:41:28	2017-07-23 07:44:34
2876500	que	Kastilla simip hanllallinta pasaqlla pantani.	Wayra	2013-11-24 18:16:20	2017-07-23 07:45:15
2876501	que	Ama suway, ama llullay, ama qillay.	Wayra	2013-11-24 18:16:44	2017-07-23 07:45:26
2876502	que	Kamripi, Chubutpi, Kamri simiqa tukri simim.	Wayra	2013-11-24 18:16:59	2017-07-23 06:52:29
2879913	que	Esperantop sutinqa tukuy rimaykunapi kaqllam!	Wayra	2013-11-26 02:48:31	2017-07-23 07:45:30
2897911	que	Arabya simiqa mana sasa simim.	Wayra	2013-12-02 23:35:39	2017-07-23 07:45:52
2897918	que	Payqa kaypim!	Wayra	2013-12-02 23:40:50	2017-07-23 06:47:41
2897924	que	Yupay yachayta chiqnini.	Wayra	2013-12-02 23:46:34	2017-07-23 06:47:43
3493776	que	Yarqawachkan.	Balamax	2014-09-13 21:33:04	2014-09-13 21:33:04
3881829	que	Ñuqa t'antatam munani.	Wayra	2015-02-20 16:48:34	2017-07-23 06:47:44
3997935	que	Michiqa yanam.	Wayra	2015-03-28 19:08:15	2017-07-23 07:46:20
4258741	que	Burj Khalifa tukuy tiqsimuyupi aswan hatun wasim.	Balamax	2015-06-06 17:20:34	2016-03-22 14:25:18
5543910	que	Pañaman muyuriy.	diegohn	2016-10-23 20:05:12	2016-10-23 20:05:12
5543913	que	Lluq'iman muyuriy.	diegohn	2016-10-23 20:05:37	2016-10-23 20:05:56
5543914	que	Manan tusuyta yachanichu.	diegohn	2016-10-23 20:07:48	2016-10-23 20:07:48
5543916	que	Llakisqan kashani.	diegohn	2016-10-23 20:09:29	2016-10-23 20:09:29
5974617	que	Aylluypaq llank'ani.	diegohn	2017-03-24 17:21:33	\N
5974621	que	Wardiyawan rimashanku.	diegohn	2017-03-24 17:22:54	\N
6166019	que	Sapa huch'uy wasiqa huch'uy chakatayuqmi.	Killari	2017-07-25 01:42:13	2017-07-25 01:42:13
6166099	que	Kay pataraqa chaqayta yallinmi.	Killari	2017-07-25 07:05:45	2017-07-25 07:05:45
6166101	que	Aracajuman allin hamusqa.	Killari	2017-07-25 07:16:52	2017-07-25 07:16:52
6166105	que	Pitaq Inlish harawikuntinmanta yalliq?	Killari	2017-07-25 07:27:38	2017-07-25 07:27:38
6166106	que	Pitaq yalliq Inlish harawiku?	Killari	2017-07-25 07:28:06	2017-07-25 07:28:06
6166107	que	Yachapakuyqa yalliq yachachiqmi.	Killari	2017-07-25 07:30:02	2017-07-25 07:30:02
6166112	que	Ñuqa k'acham.	Killari	2017-07-25 07:32:31	2017-07-25 07:32:31
6166115	que	K'acha kani.	Killari	2017-07-25 07:32:48	2017-07-25 07:32:48
6166118	que	Magyar simita rimani.	Killari	2017-07-25 07:35:59	2017-07-25 07:35:59
6166120	que	Samakuyta muchuqmi yachanqaku.	Killari	2017-07-25 07:40:51	2017-07-25 07:40:51
6166122	que	Yanapawayku!	Killari	2017-07-25 07:42:47	2017-07-25 07:42:47
6166126	que	Killaqa sumaqta llipipinmi.	Killari	2017-07-25 07:47:42	2017-07-25 07:47:42
6166134	que	Hawaiiqa Qasi Mamaquchapi ariq-ariq wat'antinmi.	Killari	2017-07-25 07:57:17	2017-07-25 07:57:17
6166135	que	Sinqawaqra ancha hatunmi.	Killari	2017-07-25 07:59:15	2017-07-25 07:59:15
6166136	que	Yaw, Hanako.	Killari	2017-07-25 08:01:39	2017-07-25 08:01:39
6166138	que	Taytaykiqa imataq munakun?	Killari	2017-07-25 08:08:49	2017-07-25 08:08:49
6166141	que	Ñañaykiqa imayna kan?	Killari	2017-07-25 08:11:22	2017-07-25 08:11:22
6166146	que	Turaykiqa imaynam?	Killari	2017-07-25 08:13:48	2017-07-25 08:13:48
6166154	que	Tomqa sumaq sipasllam munakun.	Killari	2017-07-25 08:17:18	2017-07-25 08:17:18
6166157	que	Payqa Urin Awya-Yalamantam kutimuchkan.	Killari	2017-07-25 08:19:22	2017-07-25 08:19:22
6166710	que	Paykuna aylluyuqmi kanku.	Killari	2017-07-25 18:01:13	2017-07-25 18:01:13
6166729	que	"Aleman simi - sasa simi", Aleman runa nispa, ichaqa, chiqaqmanta Aleman simi manam chhika sasachu.	Killari	2017-07-25 18:18:16	2017-07-25 18:18:16
6457207	que	Allichu yanapawankikumanchu?	diegohn	2017-11-10 15:20:43	2017-11-10 15:20:43
6457209	que	Unqushanin.	diegohn	2017-11-10 15:21:34	2017-11-10 15:21:34
6457215	que	Chinkay chinkaylla purikuni.	diegohn	2017-11-10 15:25:49	2017-11-10 15:25:49
6457223	que	Sulpayki, wasiykipi qurpachaytan munayman.	diegohn	2017-11-10 15:28:33	2017-11-10 15:28:33
6457227	que	Allinmi.	diegohn	2017-11-10 15:30:27	2017-11-10 15:30:27
6457232	que	Kunanqa ripukusaqkuña.	diegohn	2017-11-10 15:32:15	2017-11-10 15:32:15
6842570	que	Ñuqa aychatam mikuni.	Rockaround	2018-04-17 20:36:02	2018-04-17 20:36:02
6894562	que	Tukuy kay pachaman paqarimujkuna libres nasekuntu tukuypunitaj kikin obligacionesniycjllataj, jinakamalla honorniyojtaj atiyniyojtaj, chantaqa razonwantaj concienciawantaj dotasqa kasqankurayku, kawsaqe masipura jina, tukuy uj munakuyllapi kawsakunanku tian.	Rockaround	2018-05-16 18:12:09	2018-05-16 18:12:09
7209451	que	Huk liwruta rantirqani.	diegohn	2018-09-25 11:01:13	2018-09-25 11:01:13
7248492	que	Ñukaka yakuta kuyani.	Juanpa	2018-10-03 04:51:02	2018-10-04 05:20:55
7248493	que	Runakunaka Ecuadorpi kichwata rimanchik	Juanpa	2018-10-03 04:52:53	2018-10-03 04:52:53
7248494	que	Wambrakunaka kichwata munan.	Juanpa	2018-10-03 04:54:42	2018-10-03 05:21:51
7248495	que	Runakunaka Ecuadorpi kichwata riman, icha runa kunaka Perupi quechuata riman.	Juanpa	2018-10-03 04:58:00	2018-10-03 05:21:23
7248497	que	Kamuwasipi achka kamukunakami kan.	Juanpa	2018-10-03 05:10:35	2018-10-04 05:17:59
7248498	que	Kuchika tukuy mikunata mikun.	Juanpa	2018-10-03 05:11:35	2018-10-03 05:11:35
7248499	que	Maymanta kanki?	Juanpa	2018-10-03 05:11:58	2018-10-03 05:11:58
7248500	que	Ima shuti kanki?	Juanpa	2018-10-03 05:12:06	2018-10-03 05:12:06
7248501	que	Kanka Ecuadormanta kankichu?	Juanpa	2018-10-03 05:13:10	2018-10-03 05:13:10
7248502	que	Ñukaka Otavalopimi kawsani.	Juanpa	2018-10-03 05:13:35	2018-10-03 05:13:35
7248503	que	Payka kanpak warmichu?	Juanpa	2018-10-03 05:15:14	2018-10-03 05:15:14
7248504	que	Ñawpa ñukaka wawallami karkani.	Juanpa	2018-10-03 05:16:03	2018-10-03 05:16:03
7248505	que	Kichwaka ñuka shungupi kawsan.	Juanpa	2018-10-03 05:16:51	2018-10-04 20:53:07
7248506	que	Sara mutitapish, atallpa aychatapish, papatapish ñukanchik randishun.	Juanpa	2018-10-03 05:19:36	2018-10-03 05:19:36
7248507	que	Kichwaka shina runa kunapak sapitami kan.	Juanpa	2018-10-03 05:26:31	2018-10-04 05:10:52
7248508	que	Imapak kichwata yachakukunki?	Juanpa	2018-10-03 05:26:35	2018-10-04 05:08:33
7248509	que	Mashna kan?	Juanpa	2018-10-03 05:27:07	2018-10-03 05:27:07
7248510	que	Mana charinichu.	Juanpa	2018-10-03 05:29:17	2018-10-03 05:29:17
7248511	que	Mana munanichu.	Juanpa	2018-10-03 05:29:26	2018-10-03 05:29:26
7248512	que	Mana yuyarinichu.	Juanpa	2018-10-03 05:29:54	2018-10-03 05:29:54
7248513	que	Mana yachanichu.	Juanpa	2018-10-03 05:30:25	2018-10-03 05:30:25
7248514	que	Mana uyarkankichu?	Juanpa	2018-10-03 05:33:45	2018-10-03 05:33:45
7248515	que	Chay anaquka ishki patzak dolarmi kan.	Juanpa	2018-10-03 05:37:42	2018-10-04 05:03:13
7248516	que	Kay muchikuka mashna kan?	Juanpa	2018-10-03 05:39:39	2018-10-03 05:39:39
7248517	que	Ñukapak wawki Españapimi kawsan.	Juanpa	2018-10-03 05:40:45	2018-10-03 05:40:45
7248520	que	Ñukaka mana Ecuadorpi wacharirkanichu, icha kichwaka achka munanimi.	Juanpa	2018-10-03 05:46:58	2018-10-04 05:01:24
7248521	que	Imanalla, mashikuna.	Juanpa	2018-10-03 05:47:49	2018-10-03 05:47:49
7248522	que	Mashi Guaman, Mayman rigunki?	Juanpa	2018-10-03 05:48:40	2018-10-03 05:48:40
7248523	que	Chay qarika, Ima shuti kan?	Juanpa	2018-10-03 05:49:12	2018-10-03 05:49:12
7248525	que	Chay wambraka, Perumantachu kan?	Juanpa	2018-10-03 05:50:31	2018-10-03 05:50:31
7248526	que	Alli punlla, mashi Sandra.	Juanpa	2018-10-03 05:51:41	2018-10-03 05:51:41
7248527	que	Alli tuta, tayta.	Juanpa	2018-10-03 05:52:13	2018-10-03 05:52:13
7248529	que	Kichwata rimapay, mashikuna.	Juanpa	2018-10-03 05:53:30	2018-10-04 04:57:59
7248530	que	Ñuka yachachij sumakmi kan.	Juanpa	2018-10-03 05:54:59	2018-10-03 05:54:59
7248531	que	-Kanka yanujchu kan? -Mana, ñukaka mana lulunkunata yanunichu.	Juanpa	2018-10-03 05:56:59	2018-10-04 13:58:20
7248533	que	Wiwakunawan, yurakunawan, yakuwan ñukanchika yuyanchikpish, purinchikpish, kawsanchikpish.	Juanpa	2018-10-03 06:03:45	2018-10-03 06:03:45
7248534	que	Pacha Mamawan runakunaka kawsanchik.	Juanpa	2018-10-03 06:04:53	2018-10-03 06:04:53
7250569	que	Yaykuymanchu?	Rockaround	2018-10-03 17:40:08	2018-10-03 17:40:08
7250574	que	Lluqsiymanchu?	Rockaround	2018-10-03 17:40:38	2018-10-03 17:40:38
7250587	que	Maytuta wichqaychik.	Rockaround	2018-10-03 17:41:48	2018-10-03 17:41:48
7250594	que	Ima ninkim?	Rockaround	2018-10-03 17:42:39	2018-10-03 17:42:39
7250604	que	Manam yachanichu.	Rockaround	2018-10-03 17:43:46	2018-10-03 17:43:46
7250609	que	Manam atinichu.	Rockaround	2018-10-03 17:44:23	2018-10-03 17:44:23
7251844	que	Ñukaka Inglaterra mantami kani.	Juanpa	2018-10-04 02:00:31	2018-10-04 02:00:31
7251846	que	Ñukaka mana kanpak shimita rimanichu.	Juanpa	2018-10-04 02:01:57	2018-10-04 02:01:57
7251848	que	Ñukaka uvyanayanami kani.	Juanpa	2018-10-04 02:03:34	2018-10-04 02:03:34
7251850	que	Ñukaka Jack shutimi.	Juanpa	2018-10-04 02:05:46	2018-10-04 02:05:46
7251851	que	Ñuka kullkita shuwarkan.	Juanpa	2018-10-04 02:09:33	2018-10-04 02:09:33
7251853	que	Yupaichani!	Juanpa	2018-10-04 02:12:38	2018-10-04 02:12:38
7251854	que	Yanapaway!	Juanpa	2018-10-04 02:16:02	2018-10-04 02:16:02
7251855	que	Alli punlla.	Juanpa	2018-10-04 02:16:33	2018-10-04 02:16:33
7251856	que	Alli chisi.	Juanpa	2018-10-04 02:16:51	2018-10-04 02:16:51
7251857	que	Alli tuta.	Juanpa	2018-10-04 02:17:04	2018-10-04 02:17:04
7251858	que	Imanalla	Juanpa	2018-10-04 02:17:20	2018-10-04 04:45:52
7251859	que	Shoq punllakaman.	Juanpa	2018-10-04 02:30:21	2018-10-04 02:30:21
7251860	que	Ashtakashkaman.	Juanpa	2018-10-04 02:30:39	2018-10-04 02:30:39
7251861	que	Kayakaman.	Juanpa	2018-10-04 02:30:49	2018-10-04 02:30:49
7251862	que	Tupankakaman.	Juanpa	2018-10-04 02:31:01	2018-10-04 02:31:01
7251863	que	Paksipakaman.	Juanpa	2018-10-04 02:31:18	2018-10-04 02:31:18
7251865	que	Maymantak kanki?	Juanpa	2018-10-04 02:35:03	2018-10-04 02:35:03
7251866	que	Ecuadormantami kani.	Juanpa	2018-10-04 02:35:30	2018-10-04 02:35:30
7251867	que	Shuk Intika kan.	Juanpa	2018-10-04 02:38:17	2018-10-04 02:38:17
7251869	que	Ishki lulunkuna gentikunakami charin.	Juanpa	2018-10-04 02:39:23	2018-10-04 02:39:23
7251870	que	Kanka ishki chunga watayuk kanki.	Juanpa	2018-10-04 02:41:43	2018-10-04 02:41:43
7251871	que	Payka kimsa ñañakunata charin.	Juanpa	2018-10-04 02:44:18	2018-10-04 02:44:18
7251872	que	Apiukuna chusko chakikunata charin.	Juanpa	2018-10-04 02:45:56	2018-10-04 02:45:56
7251873	que	Makika pichka rukakuna charin.	Juanpa	2018-10-04 02:46:35	2018-10-04 02:46:35
7251874	que	Ñuka wasipi soqta runakunaka kawsanchik.	Juanpa	2018-10-04 02:48:06	2018-10-04 02:48:06
7251875	que	Kanpak churika kanchis watayukmi kan.	Juanpa	2018-10-04 02:48:59	2018-10-04 04:30:49
7251876	que	Ishki allkukuna posoq chakikuna charin.	Juanpa	2018-10-04 02:53:56	2018-10-04 02:53:56
7251877	que	Intika posoq rumpukunata charin.	Juanpa	2018-10-04 02:58:13	2018-10-04 02:58:13
7251878	que	Ñuka makikuna chunga rukakunata charin.	Juanpa	2018-10-04 02:58:57	2018-10-04 02:58:57
7251880	que	Adele takijmi kan.	Juanpa	2018-10-04 02:59:52	2018-10-04 02:59:52
7251882	que	Leo Messika rumpata pugllajmi kan.	Juanpa	2018-10-04 03:01:21	2018-10-04 03:01:21
7251884	que	Bill Nye yachachijmi kan.	Juanpa	2018-10-04 03:05:03	2018-10-04 03:05:03
7251885	que	House hambinayukmi kan.	Juanpa	2018-10-04 03:06:44	2018-10-04 03:06:44
7251886	que	José Andrés sumak yanujmi kan.	Juanpa	2018-10-04 03:07:38	2018-10-04 03:07:38
7251887	que	Pelé Brasilmantami kan.	Juanpa	2018-10-04 03:08:49	2018-10-04 03:08:49
7251888	que	Shakira Colombiamantami kan.	Juanpa	2018-10-04 03:09:02	2018-10-04 03:09:02
7251889	que	Evo Morales Boliviamantami kan.	Juanpa	2018-10-04 03:09:26	2018-10-04 03:09:26
7251890	que	Obama Estados Unidosmantami kan.	Juanpa	2018-10-04 03:09:44	2018-10-04 03:09:44
7251891	que	Payka ñuka mashi Mari.	Juanpa	2018-10-04 03:16:01	2018-10-04 03:16:01
7251892	que	-Kushikuni. -Kushikunipish.	Juanpa	2018-10-04 03:16:40	2018-10-04 03:16:40
7251893	que	Shina shinalla.	Juanpa	2018-10-04 03:16:56	2018-10-04 03:16:56
7251894	que	Kanka?	Juanpa	2018-10-04 03:17:25	2018-10-04 03:17:25
7251895	que	Jesuska Mariapak churimi.	Juanpa	2018-10-04 03:22:29	2018-10-04 03:22:29
7251896	que	Zeuska Cronospak churimi.	Juanpa	2018-10-04 03:24:22	2018-10-04 03:24:22
7251897	que	Heraka Zeuspak warmimi.	Juanpa	2018-10-04 03:26:00	2018-10-04 03:28:25
7251898	que	Zeuska Herapak kusami.	Juanpa	2018-10-04 03:26:05	2018-10-04 03:28:13
7251899	que	Ateneaka Zeuspak ushimi.	Juanpa	2018-10-04 03:31:05	2018-10-04 03:31:05
7251900	que	Afroditaka Ateneapak ñañami.	Juanpa	2018-10-04 03:31:43	2018-10-04 03:31:43
7251901	que	Apoloka Ateneapak turimi.	Juanpa	2018-10-04 03:32:20	2018-10-04 03:32:20
7251902	que	Dionisioka Apolopak wawkimi.	Juanpa	2018-10-04 03:32:58	2018-10-04 03:32:58
7251904	que	Hadeska Apolopak yayawkimi.	Juanpa	2018-10-04 03:35:02	2018-10-04 03:35:02
7251905	que	Dionisioka Poseidonpak saniimi.	Juanpa	2018-10-04 03:35:57	2018-10-04 03:35:57
7251906	que	Cronoska Apolopak hatun taytami.	Juanpa	2018-10-04 03:39:28	2018-10-04 03:39:28
7251907	que	Zeuska Afroditapak taytami.	Juanpa	2018-10-04 03:39:46	2018-10-04 03:39:46
7251908	que	Heraka Arespak mamami.	Juanpa	2018-10-04 03:40:27	2018-10-04 03:40:27
7251910	que	Heraka Dionisiopak ipami.	Juanpa	2018-10-04 03:42:31	2018-10-04 03:42:31
7251912	que	Ateneaka Herapak mullami.	Juanpa	2018-10-04 03:43:19	2018-10-04 03:43:19
7251914	que	Hefestoka Hermespak turaymi.	Juanpa	2018-10-04 03:45:17	2018-10-04 03:45:17
7251915	que	Ateneaka Hefestospak panaymi.	Juanpa	2018-10-04 03:47:57	2018-10-04 03:47:57
7251916	que	Pipaktak kay muchikoka kan?	Juanpa	2018-10-04 03:51:16	2018-10-04 03:51:16
7251917	que	Kay muchikoka Josepakmi kan.	Juanpa	2018-10-04 03:52:03	2018-10-04 03:52:03
7251918	que	Mashna lulunkuna yanunaukupi tiyanchik?	Juanpa	2018-10-04 03:55:24	2018-10-04 03:55:24
7251919	que	Atallpaka kimsa chakikunata charinchu?	Juanpa	2018-10-04 03:58:49	2018-10-04 03:58:49
7252031	que	Ñukaka mana chusko wawkikunata charinichu.	Juanpa	2018-10-04 05:49:05	2018-10-04 05:50:09
7252037	que	Runashimita yachakukunimi.	Juanpa	2018-10-04 05:52:01	2018-10-04 14:04:25
7254174	que	Payka Quitomantami kan.	Juanpa	2018-10-04 20:38:29	2018-10-04 20:38:29
7254179	que	Ñukaka Chilemantami kani. Maymanta kanki?	Juanpa	2018-10-04 20:40:21	2018-10-04 20:40:21
7254183	que	Ñukaka yachakujmi kani. Kanka?	Juanpa	2018-10-04 20:41:58	2018-10-04 20:41:58
7254188	que	Kanka hambinayuk kankichu?	Juanpa	2018-10-04 20:44:23	2018-10-04 20:44:23
7254191	que	Ñukaka Aliciami kani. Payka ñuka mashi Pedromi kan.	Juanpa	2018-10-04 20:46:46	2018-10-04 20:46:46
7254216	que	Payka sumak kapupwin charin.	Juanpa	2018-10-04 21:01:19	2018-10-04 21:01:19
7254277	que	Kanka munajpi, Ñuka killinsa hatallina ushankimi.	Juanpa	2018-10-04 21:16:14	2018-10-04 21:16:14
7255079	que	Helenami Alejandrotaka kuyan.	Juanpa	2018-10-05 02:39:17	2018-10-05 02:39:17
7255081	que	Uliseska Penelopetami kuyan.	Juanpa	2018-10-05 02:42:22	2018-10-05 02:42:22
7255083	que	Pukami Garutaka kuyan.	Juanpa	2018-10-05 02:44:02	2018-10-05 02:44:02
7255085	que	Kay kullkika kanpakchu?	Juanpa	2018-10-05 02:46:06	2018-10-05 02:46:06
7255093	que	Ñuka istallata ch'ingachirkani.	Juanpa	2018-10-05 02:52:45	2018-10-05 02:52:45
7255099	que	Uyay.	Juanpa	2018-10-05 02:56:33	2018-10-05 02:58:36
7255105	que	Uyapay	Juanpa	2018-10-05 02:59:06	2018-10-05 02:59:06
7255113	que	Uyapaway.	Juanpa	2018-10-05 03:01:00	2018-10-05 03:01:00
7255119	que	Shamuy	Juanpa	2018-10-05 03:04:25	2018-10-05 03:04:25
7255120	que	Shamupay.	Juanpa	2018-10-05 03:05:27	2018-10-05 03:05:27
7255129	que	Kutin nipay.	Juanpa	2018-10-05 03:10:18	2018-10-05 03:10:18
7255131	que	Kutin rimapay.	Juanpa	2018-10-05 03:12:43	2018-10-05 03:12:43
7255133	que	Tiyaripay.	Juanpa	2018-10-05 03:14:41	2018-10-05 03:14:41
7255138	que	Kanka shoq mushuq kushmata mutzunki.	Juanpa	2018-10-05 03:32:02	2018-10-05 03:32:02
7757296	que	Ñuqa llakikuyki.	Rockaround	2019-01-30 19:15:07	2019-01-30 19:15:07
7757299	que	Qanmi kanki ñuqapa kawsay.	Rockaround	2019-01-30 19:19:04	2019-01-30 19:19:04
7757304	que	Maymantataq kanki?	Rockaround	2019-01-30 19:24:02	2019-01-30 19:24:02
7757314	que	Maymantataq hamunki?	Rockaround	2019-01-30 19:28:26	2019-01-30 19:28:26
7757324	que	Samarikuy.	Rockaround	2019-01-30 19:31:34	2019-01-30 19:31:34
7757368	que	May llaqtamantataq kanki?	Rockaround	2019-01-30 20:09:54	2019-01-30 20:09:54
7757381	que	Haykaqtaq ripunki?	Rockaround	2019-01-30 20:16:40	2019-01-30 20:16:40
7757382	que	Haykatataq manuyki?	Rockaround	2019-01-30 20:18:19	2019-01-30 20:18:19
7757388	que	Hayka watayuqtaq kanki?	Rockaround	2019-01-30 20:27:47	2019-01-30 20:27:47
7757391	que	Purisap.	Rockaround	2019-01-30 20:33:33	2019-01-30 20:33:33
7757393	que	Achachaw!	Rockaround	2019-01-30 21:10:13	2019-01-30 21:10:13
7757394	que	Alalaw!	Rockaround	2019-01-30 21:13:32	2019-01-30 21:13:32
7757395	que	Ananaw.	Rockaround	2019-01-30 21:13:54	2019-01-30 21:13:54
7757396	que	Añañaw!	Rockaround	2019-01-30 21:16:53	2019-01-30 21:16:53
8359495	que	¿Hayk'an wawqiykikuna?	diegohn	2019-12-01 21:58:10	2019-12-01 21:58:50
8359500	que	¿Hayk'a watayuqmi paykuna kanku?	diegohn	2019-12-01 22:01:19	2019-12-01 22:01:19
8359509	que	¿Aylluykiwanchu tiyanki?	diegohn	2019-12-01 22:03:57	2019-12-01 22:03:57
8359511	que	Wayt'ayta yachani.	diegohn	2019-12-01 22:05:23	2019-12-01 22:05:23
8359517	que	¿Ikipupi pukllankichu?	diegohn	2019-12-01 22:06:47	2019-12-01 22:06:47
8394269	que	Mana ñocaypa cananpac!	zarisi	2019-12-21 08:04:49	2019-12-21 08:04:49
8394278	que	Pita maytam llantunayki?	zarisi	2019-12-21 08:06:31	2019-12-21 08:06:31
8434588	que	Ayllumantam napaykarimuyki.	amarusunqu	2020-01-07 17:06:29	2021-11-12 23:23:03
8873321	que	Manam sapallaykichu kachakanki!	diegohn	2020-06-25 22:22:42	2020-06-25 22:22:42
9869852	que	Armana ukuman rina kani.	eeyinn	2021-03-25 16:14:53	2021-03-25 16:14:53
9869854	que	Yupaychani.	eeyinn	2021-03-25 16:16:05	2021-03-25 16:16:05
10291964	que	Ñuka ñakcharirkani.	eeyinn	2021-09-12 19:25:38	2021-09-12 19:25:38
10291967	que	Tomaska ñakcharirka.	eeyinn	2021-09-12 19:26:36	2021-09-12 19:26:36
10538860	que	Warmikuka mishiwan puñun.	eeyinn	2021-12-01 13:38:42	2021-12-01 13:38:42
10769235	que	Ñuqaqa wasiypim qipani.	diegohn	2022-04-15 19:27:54	2022-04-15 19:27:54
11976364	que	Antañiqiqniypiqa kuyuq rikch'a pukllakuna pukllani.	Wayramaru	2023-08-02 12:16:17	2023-08-02 12:16:17
11976391	que	Antawata sayachiy.	Wayramaru	2023-08-02 12:29:31	2023-08-02 12:29:31
11976398	que	Antañiqiqkunata ranqhani.	Wayramaru	2023-08-02 12:31:16	2023-08-02 12:31:16
11976400	que	Antañiqiqkunawan llamk'ani.	Wayramaru	2023-08-02 12:31:52	2023-08-02 12:31:52
11976402	que	Antapunquqa phatasqa.	Wayramaru	2023-08-02 12:32:49	2023-08-02 12:32:49
11976405	que	Payqa huk antapunquta ruwasqa.	Wayramaru	2023-08-02 12:33:40	2023-08-02 12:33:40
11976411	que	Facebookwan llamk'ay,	Wayramaru	2023-08-02 12:37:52	2023-08-02 12:37:52
11976416	que	Tomqa huk ch'usaqwamp'uta t'iktusqa.	Wayramaru	2023-08-02 12:40:05	2023-08-02 12:40:05
11976430	que	Huk allin timunkamyuqta huk parasiqullapi yachankiman.	Wayramaru	2023-08-02 12:50:12	2023-08-02 12:50:12
13072991	que	Antawapi papata apamusaq llaqta manka wasiman.	rdgscratch	2025-03-06 01:31:39	2025-03-06 01:31:39
